image_path,logit_difference
/home/ygu2/kekechen_common/datasets/imagenet/imagenet/ILSVRC/Data/CLS-LOC/train/n01742172/n01742172_12714.JPEG,0.18930959701538086
/home/ygu2/kekechen_common/datasets/imagenet/imagenet/ILSVRC/Data/CLS-LOC/train/n01729322/n01729322_3546.JPEG,0.17851972579956055
/home/ygu2/kekechen_common/datasets/imagenet/imagenet/ILSVRC/Data/CLS-LOC/train/n01443537/n01443537_3032.JPEG,4.5049848556518555
/home/ygu2/kekechen_common/datasets/imagenet/imagenet/ILSVRC/Data/CLS-LOC/train/n01796340/n01796340_10181.JPEG,0.6407387256622314
/home/ygu2/kekechen_common/datasets/imagenet/imagenet/ILSVRC/Data/CLS-LOC/train/n01669191/n01669191_8725.JPEG,0.03228354454040527
/home/ygu2/kekechen_common/datasets/imagenet/imagenet/ILSVRC/Data/CLS-LOC/train/n01614925/n01614925_1610.JPEG,0.9630672931671143
/home/ygu2/kekechen_common/datasets/imagenet/imagenet/ILSVRC/Data/CLS-LOC/train/n01806143/n01806143_4175.JPEG,7.713146209716797
/home/ygu2/kekechen_common/datasets/imagenet/imagenet/ILSVRC/Data/CLS-LOC/train/n01537544/n01537544_16163.JPEG,0.2663682699203491
/home/ygu2/kekechen_common/datasets/imagenet/imagenet/ILSVRC/Data/CLS-LOC/train/n01753488/n01753488_6904.JPEG,0.9723808765411377
/home/ygu2/kekechen_common/datasets/imagenet/imagenet/ILSVRC/Data/CLS-LOC/train/n01669191/n01669191_3073.JPEG,0.3136730194091797
/home/ygu2/kekechen_common/datasets/imagenet/imagenet/ILSVRC/Data/CLS-LOC/train/n01768244/n01768244_796.JPEG,0.7671844959259033
/home/ygu2/kekechen_common/datasets/imagenet/imagenet/ILSVRC/Data/CLS-LOC/train/n01630670/n01630670_9228.JPEG,0.24638986587524414
/home/ygu2/kekechen_common/datasets/imagenet/imagenet/ILSVRC/Data/CLS-LOC/train/n01669191/n01669191_433.JPEG,0.2029120922088623
/home/ygu2/kekechen_common/datasets/imagenet/imagenet/ILSVRC/Data/CLS-LOC/train/n01692333/n01692333_11738.JPEG,0.5012348890304565
/home/ygu2/kekechen_common/datasets/imagenet/imagenet/ILSVRC/Data/CLS-LOC/train/n01667114/n01667114_1654.JPEG,0.583716630935669
/home/ygu2/kekechen_common/datasets/imagenet/imagenet/ILSVRC/Data/CLS-LOC/train/n01616318/n01616318_5664.JPEG,0.2543283700942993
/home/ygu2/kekechen_common/datasets/imagenet/imagenet/ILSVRC/Data/CLS-LOC/train/n01560419/n01560419_247.JPEG,0.7432292103767395
/home/ygu2/kekechen_common/datasets/imagenet/imagenet/ILSVRC/Data/CLS-LOC/train/n01677366/n01677366_10962.JPEG,0.4249870777130127
/home/ygu2/kekechen_common/datasets/imagenet/imagenet/ILSVRC/Data/CLS-LOC/train/n01773797/n01773797_8316.JPEG,0.004954934120178223
/home/ygu2/kekechen_common/datasets/imagenet/imagenet/ILSVRC/Data/CLS-LOC/train/n01632777/n01632777_15168.JPEG,0.33836829662323
/home/ygu2/kekechen_common/datasets/imagenet/imagenet/ILSVRC/Data/CLS-LOC/train/n01558993/n01558993_5573.JPEG,0.5423564910888672
/home/ygu2/kekechen_common/datasets/imagenet/imagenet/ILSVRC/Data/CLS-LOC/train/n01737021/n01737021_17626.JPEG,0.49382543563842773
/home/ygu2/kekechen_common/datasets/imagenet/imagenet/ILSVRC/Data/CLS-LOC/train/n01558993/n01558993_12930.JPEG,1.731687307357788
/home/ygu2/kekechen_common/datasets/imagenet/imagenet/ILSVRC/Data/CLS-LOC/train/n01644373/n01644373_12248.JPEG,0.06003904342651367
/home/ygu2/kekechen_common/datasets/imagenet/imagenet/ILSVRC/Data/CLS-LOC/train/n01644900/n01644900_15584.JPEG,1.0284092426300049
/home/ygu2/kekechen_common/datasets/imagenet/imagenet/ILSVRC/Data/CLS-LOC/train/n01796340/n01796340_1580.JPEG,0.523869514465332
/home/ygu2/kekechen_common/datasets/imagenet/imagenet/ILSVRC/Data/CLS-LOC/train/n01775062/n01775062_3444.JPEG,0.4160332679748535
/home/ygu2/kekechen_common/datasets/imagenet/imagenet/ILSVRC/Data/CLS-LOC/train/n01537544/n01537544_2873.JPEG,3.5742149353027344
/home/ygu2/kekechen_common/datasets/imagenet/imagenet/ILSVRC/Data/CLS-LOC/train/n01664065/n01664065_9536.JPEG,0.1566219925880432
/home/ygu2/kekechen_common/datasets/imagenet/imagenet/ILSVRC/Data/CLS-LOC/train/n01496331/n01496331_10438.JPEG,0.301954984664917
/home/ygu2/kekechen_common/datasets/imagenet/imagenet/ILSVRC/Data/CLS-LOC/train/n01770393/n01770393_27264.JPEG,1.4666023254394531
/home/ygu2/kekechen_common/datasets/imagenet/imagenet/ILSVRC/Data/CLS-LOC/train/n01774384/n01774384_9545.JPEG,0.008526444435119629
/home/ygu2/kekechen_common/datasets/imagenet/imagenet/ILSVRC/Data/CLS-LOC/train/n01592084/n01592084_6015.JPEG,0.7873787879943848
/home/ygu2/kekechen_common/datasets/imagenet/imagenet/ILSVRC/Data/CLS-LOC/train/n01773157/n01773157_172.JPEG,0.2321152687072754
/home/ygu2/kekechen_common/datasets/imagenet/imagenet/ILSVRC/Data/CLS-LOC/train/n01773549/n01773549_763.JPEG,0.04498326778411865
/home/ygu2/kekechen_common/datasets/imagenet/imagenet/ILSVRC/Data/CLS-LOC/train/n01667778/n01667778_9964.JPEG,0.17260503768920898
/home/ygu2/kekechen_common/datasets/imagenet/imagenet/ILSVRC/Data/CLS-LOC/train/n01740131/n01740131_3318.JPEG,0.42606496810913086
/home/ygu2/kekechen_common/datasets/imagenet/imagenet/ILSVRC/Data/CLS-LOC/train/n01491361/n01491361_8825.JPEG,0.9696481227874756
/home/ygu2/kekechen_common/datasets/imagenet/imagenet/ILSVRC/Data/CLS-LOC/train/n01740131/n01740131_10464.JPEG,0.5825748443603516
/home/ygu2/kekechen_common/datasets/imagenet/imagenet/ILSVRC/Data/CLS-LOC/train/n01514668/n01514668_16737.JPEG,0.6483640670776367
/home/ygu2/kekechen_common/datasets/imagenet/imagenet/ILSVRC/Data/CLS-LOC/train/n01751748/n01751748_2754.JPEG,0.2671397924423218
/home/ygu2/kekechen_common/datasets/imagenet/imagenet/ILSVRC/Data/CLS-LOC/train/n01770393/n01770393_9132.JPEG,0.675673246383667
/home/ygu2/kekechen_common/datasets/imagenet/imagenet/ILSVRC/Data/CLS-LOC/train/n01580077/n01580077_871.JPEG,0.400409460067749
/home/ygu2/kekechen_common/datasets/imagenet/imagenet/ILSVRC/Data/CLS-LOC/train/n01693334/n01693334_11064.JPEG,0.37223196029663086
/home/ygu2/kekechen_common/datasets/imagenet/imagenet/ILSVRC/Data/CLS-LOC/train/n01695060/n01695060_37898.JPEG,0.5132541656494141
/home/ygu2/kekechen_common/datasets/imagenet/imagenet/ILSVRC/Data/CLS-LOC/train/n01484850/n01484850_9174.JPEG,0.5004504919052124
/home/ygu2/kekechen_common/datasets/imagenet/imagenet/ILSVRC/Data/CLS-LOC/train/n01534433/n01534433_12351.JPEG,0.6658854484558105
/home/ygu2/kekechen_common/datasets/imagenet/imagenet/ILSVRC/Data/CLS-LOC/train/n01534433/n01534433_10621.JPEG,0.5706883668899536
/home/ygu2/kekechen_common/datasets/imagenet/imagenet/ILSVRC/Data/CLS-LOC/train/n01704323/n01704323_6445.JPEG,0.26516807079315186
/home/ygu2/kekechen_common/datasets/imagenet/imagenet/ILSVRC/Data/CLS-LOC/train/n01692333/n01692333_6401.JPEG,0.14893627166748047
/home/ygu2/kekechen_common/datasets/imagenet/imagenet/ILSVRC/Data/CLS-LOC/train/n01514859/n01514859_7357.JPEG,0.21574616432189941
/home/ygu2/kekechen_common/datasets/imagenet/imagenet/ILSVRC/Data/CLS-LOC/train/n01807496/n01807496_3330.JPEG,0.521172285079956
/home/ygu2/kekechen_common/datasets/imagenet/imagenet/ILSVRC/Data/CLS-LOC/train/n01742172/n01742172_5517.JPEG,0.28243517875671387
/home/ygu2/kekechen_common/datasets/imagenet/imagenet/ILSVRC/Data/CLS-LOC/train/n01685808/n01685808_329.JPEG,0.4259219169616699
/home/ygu2/kekechen_common/datasets/imagenet/imagenet/ILSVRC/Data/CLS-LOC/train/n01770393/n01770393_3420.JPEG,1.0907316207885742
/home/ygu2/kekechen_common/datasets/imagenet/imagenet/ILSVRC/Data/CLS-LOC/train/n01796340/n01796340_1848.JPEG,0.08582460880279541
/home/ygu2/kekechen_common/datasets/imagenet/imagenet/ILSVRC/Data/CLS-LOC/train/n01632777/n01632777_14685.JPEG,0.49010658264160156
/home/ygu2/kekechen_common/datasets/imagenet/imagenet/ILSVRC/Data/CLS-LOC/train/n01614925/n01614925_8044.JPEG,0.47475922107696533
/home/ygu2/kekechen_common/datasets/imagenet/imagenet/ILSVRC/Data/CLS-LOC/train/n01751748/n01751748_1209.JPEG,1.309187889099121
/home/ygu2/kekechen_common/datasets/imagenet/imagenet/ILSVRC/Data/CLS-LOC/train/n01729977/n01729977_1535.JPEG,0.5715751647949219
/home/ygu2/kekechen_common/datasets/imagenet/imagenet/ILSVRC/Data/CLS-LOC/train/n01592084/n01592084_4192.JPEG,0.29146742820739746
/home/ygu2/kekechen_common/datasets/imagenet/imagenet/ILSVRC/Data/CLS-LOC/train/n01749939/n01749939_3858.JPEG,0.5434614419937134
/home/ygu2/kekechen_common/datasets/imagenet/imagenet/ILSVRC/Data/CLS-LOC/train/n01806567/n01806567_4089.JPEG,1.1605677604675293
/home/ygu2/kekechen_common/datasets/imagenet/imagenet/ILSVRC/Data/CLS-LOC/train/n01739381/n01739381_2313.JPEG,2.136105537414551
/home/ygu2/kekechen_common/datasets/imagenet/imagenet/ILSVRC/Data/CLS-LOC/train/n01798484/n01798484_7423.JPEG,0.007008552551269531
/home/ygu2/kekechen_common/datasets/imagenet/imagenet/ILSVRC/Data/CLS-LOC/train/n01734418/n01734418_388.JPEG,0.9615787267684937
/home/ygu2/kekechen_common/datasets/imagenet/imagenet/ILSVRC/Data/CLS-LOC/train/n01601694/n01601694_7659.JPEG,0.006128072738647461
/home/ygu2/kekechen_common/datasets/imagenet/imagenet/ILSVRC/Data/CLS-LOC/train/n01665541/n01665541_27287.JPEG,0.3614864945411682
/home/ygu2/kekechen_common/datasets/imagenet/imagenet/ILSVRC/Data/CLS-LOC/train/n01491361/n01491361_10602.JPEG,0.26528453826904297
/home/ygu2/kekechen_common/datasets/imagenet/imagenet/ILSVRC/Data/CLS-LOC/train/n01514668/n01514668_22038.JPEG,0.0231020450592041
/home/ygu2/kekechen_common/datasets/imagenet/imagenet/ILSVRC/Data/CLS-LOC/train/n01734418/n01734418_10573.JPEG,0.5273981094360352
/home/ygu2/kekechen_common/datasets/imagenet/imagenet/ILSVRC/Data/CLS-LOC/train/n01631663/n01631663_495.JPEG,0.3063008785247803
/home/ygu2/kekechen_common/datasets/imagenet/imagenet/ILSVRC/Data/CLS-LOC/train/n01491361/n01491361_13817.JPEG,0.6291589736938477
/home/ygu2/kekechen_common/datasets/imagenet/imagenet/ILSVRC/Data/CLS-LOC/train/n01582220/n01582220_8514.JPEG,1.544975996017456
/home/ygu2/kekechen_common/datasets/imagenet/imagenet/ILSVRC/Data/CLS-LOC/train/n01665541/n01665541_36198.JPEG,0.5813377499580383
/home/ygu2/kekechen_common/datasets/imagenet/imagenet/ILSVRC/Data/CLS-LOC/train/n01817953/n01817953_2111.JPEG,0.18913578987121582
/home/ygu2/kekechen_common/datasets/imagenet/imagenet/ILSVRC/Data/CLS-LOC/train/n01807496/n01807496_10178.JPEG,0.9816415309906006
/home/ygu2/kekechen_common/datasets/imagenet/imagenet/ILSVRC/Data/CLS-LOC/train/n01608432/n01608432_4514.JPEG,1.9324023723602295
/home/ygu2/kekechen_common/datasets/imagenet/imagenet/ILSVRC/Data/CLS-LOC/train/n01755581/n01755581_3837.JPEG,0.2187504768371582
/home/ygu2/kekechen_common/datasets/imagenet/imagenet/ILSVRC/Data/CLS-LOC/train/n01641577/n01641577_214.JPEG,0.9120278358459473
/home/ygu2/kekechen_common/datasets/imagenet/imagenet/ILSVRC/Data/CLS-LOC/train/n01532829/n01532829_155.JPEG,0.16884160041809082
/home/ygu2/kekechen_common/datasets/imagenet/imagenet/ILSVRC/Data/CLS-LOC/train/n01751748/n01751748_2761.JPEG,2.0090107917785645
/home/ygu2/kekechen_common/datasets/imagenet/imagenet/ILSVRC/Data/CLS-LOC/train/n01817953/n01817953_2466.JPEG,0.757026195526123
/home/ygu2/kekechen_common/datasets/imagenet/imagenet/ILSVRC/Data/CLS-LOC/train/n01514859/n01514859_7234.JPEG,0.3662140369415283
/home/ygu2/kekechen_common/datasets/imagenet/imagenet/ILSVRC/Data/CLS-LOC/train/n01693334/n01693334_13134.JPEG,0.607284665107727
/home/ygu2/kekechen_common/datasets/imagenet/imagenet/ILSVRC/Data/CLS-LOC/train/n01614925/n01614925_3034.JPEG,0.07660186290740967
/home/ygu2/kekechen_common/datasets/imagenet/imagenet/ILSVRC/Data/CLS-LOC/train/n01530575/n01530575_5535.JPEG,0.604623556137085
/home/ygu2/kekechen_common/datasets/imagenet/imagenet/ILSVRC/Data/CLS-LOC/train/n01735189/n01735189_3411.JPEG,0.3493380546569824
/home/ygu2/kekechen_common/datasets/imagenet/imagenet/ILSVRC/Data/CLS-LOC/train/n01728920/n01728920_763.JPEG,0.34628844261169434
/home/ygu2/kekechen_common/datasets/imagenet/imagenet/ILSVRC/Data/CLS-LOC/train/n01729322/n01729322_3427.JPEG,0.9945517778396606
/home/ygu2/kekechen_common/datasets/imagenet/imagenet/ILSVRC/Data/CLS-LOC/train/n01608432/n01608432_44450.JPEG,0.21743392944335938
/home/ygu2/kekechen_common/datasets/imagenet/imagenet/ILSVRC/Data/CLS-LOC/train/n01630670/n01630670_23.JPEG,0.37618589401245117
/home/ygu2/kekechen_common/datasets/imagenet/imagenet/ILSVRC/Data/CLS-LOC/train/n01601694/n01601694_6399.JPEG,1.486177921295166
/home/ygu2/kekechen_common/datasets/imagenet/imagenet/ILSVRC/Data/CLS-LOC/train/n01667114/n01667114_12560.JPEG,1.3345715999603271
/home/ygu2/kekechen_common/datasets/imagenet/imagenet/ILSVRC/Data/CLS-LOC/train/n01695060/n01695060_19633.JPEG,0.20004844665527344
/home/ygu2/kekechen_common/datasets/imagenet/imagenet/ILSVRC/Data/CLS-LOC/train/n01735189/n01735189_1089.JPEG,0.14687013626098633
/home/ygu2/kekechen_common/datasets/imagenet/imagenet/ILSVRC/Data/CLS-LOC/train/n01807496/n01807496_2760.JPEG,1.1221861839294434
/home/ygu2/kekechen_common/datasets/imagenet/imagenet/ILSVRC/Data/CLS-LOC/train/n01629819/n01629819_11911.JPEG,0.5674835443496704
/home/ygu2/kekechen_common/datasets/imagenet/imagenet/ILSVRC/Data/CLS-LOC/train/n01768244/n01768244_6534.JPEG,2.548278331756592
/home/ygu2/kekechen_common/datasets/imagenet/imagenet/ILSVRC/Data/CLS-LOC/train/n01484850/n01484850_23304.JPEG,0.40479421615600586
/home/ygu2/kekechen_common/datasets/imagenet/imagenet/ILSVRC/Data/CLS-LOC/train/n01630670/n01630670_10482.JPEG,0.20413625240325928
/home/ygu2/kekechen_common/datasets/imagenet/imagenet/ILSVRC/Data/CLS-LOC/train/n01537544/n01537544_5372.JPEG,4.4351806640625
/home/ygu2/kekechen_common/datasets/imagenet/imagenet/ILSVRC/Data/CLS-LOC/train/n01677366/n01677366_5535.JPEG,0.2567462921142578
/home/ygu2/kekechen_common/datasets/imagenet/imagenet/ILSVRC/Data/CLS-LOC/train/n01694178/n01694178_2069.JPEG,0.3477213382720947
/home/ygu2/kekechen_common/datasets/imagenet/imagenet/ILSVRC/Data/CLS-LOC/train/n01677366/n01677366_39979.JPEG,0.10205626487731934
/home/ygu2/kekechen_common/datasets/imagenet/imagenet/ILSVRC/Data/CLS-LOC/train/n01798484/n01798484_3874.JPEG,0.3736664056777954
/home/ygu2/kekechen_common/datasets/imagenet/imagenet/ILSVRC/Data/CLS-LOC/train/n01440764/n01440764_13274.JPEG,0.10797429084777832
/home/ygu2/kekechen_common/datasets/imagenet/imagenet/ILSVRC/Data/CLS-LOC/train/n01687978/n01687978_6071.JPEG,0.07529211044311523
/home/ygu2/kekechen_common/datasets/imagenet/imagenet/ILSVRC/Data/CLS-LOC/train/n01734418/n01734418_9015.JPEG,0.6723828315734863
/home/ygu2/kekechen_common/datasets/imagenet/imagenet/ILSVRC/Data/CLS-LOC/train/n01498041/n01498041_10635.JPEG,0.2156696319580078
/home/ygu2/kekechen_common/datasets/imagenet/imagenet/ILSVRC/Data/CLS-LOC/train/n01443537/n01443537_13840.JPEG,0.9707167148590088
/home/ygu2/kekechen_common/datasets/imagenet/imagenet/ILSVRC/Data/CLS-LOC/train/n01675722/n01675722_6964.JPEG,2.4959716796875
/home/ygu2/kekechen_common/datasets/imagenet/imagenet/ILSVRC/Data/CLS-LOC/train/n01531178/n01531178_17167.JPEG,0.38889479637145996
/home/ygu2/kekechen_common/datasets/imagenet/imagenet/ILSVRC/Data/CLS-LOC/train/n01498041/n01498041_12808.JPEG,0.30577266216278076
/home/ygu2/kekechen_common/datasets/imagenet/imagenet/ILSVRC/Data/CLS-LOC/train/n01797886/n01797886_5207.JPEG,0.2529881000518799
/home/ygu2/kekechen_common/datasets/imagenet/imagenet/ILSVRC/Data/CLS-LOC/train/n01669191/n01669191_6004.JPEG,0.22991406917572021
/home/ygu2/kekechen_common/datasets/imagenet/imagenet/ILSVRC/Data/CLS-LOC/train/n01688243/n01688243_3301.JPEG,0.6765391826629639
/home/ygu2/kekechen_common/datasets/imagenet/imagenet/ILSVRC/Data/CLS-LOC/train/n01675722/n01675722_77.JPEG,0.23356151580810547
/home/ygu2/kekechen_common/datasets/imagenet/imagenet/ILSVRC/Data/CLS-LOC/train/n01669191/n01669191_7394.JPEG,0.9084919691085815
/home/ygu2/kekechen_common/datasets/imagenet/imagenet/ILSVRC/Data/CLS-LOC/train/n01532829/n01532829_11293.JPEG,0.8770217895507812
/home/ygu2/kekechen_common/datasets/imagenet/imagenet/ILSVRC/Data/CLS-LOC/train/n01514668/n01514668_17646.JPEG,1.7322615385055542
/home/ygu2/kekechen_common/datasets/imagenet/imagenet/ILSVRC/Data/CLS-LOC/train/n01728920/n01728920_18375.JPEG,0.3902028799057007
/home/ygu2/kekechen_common/datasets/imagenet/imagenet/ILSVRC/Data/CLS-LOC/train/n01734418/n01734418_3291.JPEG,0.6606767177581787
/home/ygu2/kekechen_common/datasets/imagenet/imagenet/ILSVRC/Data/CLS-LOC/train/n01530575/n01530575_487.JPEG,1.2421400547027588
/home/ygu2/kekechen_common/datasets/imagenet/imagenet/ILSVRC/Data/CLS-LOC/train/n01558993/n01558993_4443.JPEG,0.6558712720870972
/home/ygu2/kekechen_common/datasets/imagenet/imagenet/ILSVRC/Data/CLS-LOC/train/n01667778/n01667778_5128.JPEG,0.07261776924133301
/home/ygu2/kekechen_common/datasets/imagenet/imagenet/ILSVRC/Data/CLS-LOC/train/n01443537/n01443537_1220.JPEG,0.08999073505401611
/home/ygu2/kekechen_common/datasets/imagenet/imagenet/ILSVRC/Data/CLS-LOC/train/n01682714/n01682714_1570.JPEG,0.09270071983337402
/home/ygu2/kekechen_common/datasets/imagenet/imagenet/ILSVRC/Data/CLS-LOC/train/n01443537/n01443537_12943.JPEG,4.522894859313965
/home/ygu2/kekechen_common/datasets/imagenet/imagenet/ILSVRC/Data/CLS-LOC/train/n01665541/n01665541_27658.JPEG,0.2524275779724121
/home/ygu2/kekechen_common/datasets/imagenet/imagenet/ILSVRC/Data/CLS-LOC/train/n01729977/n01729977_15200.JPEG,0.4192216396331787
/home/ygu2/kekechen_common/datasets/imagenet/imagenet/ILSVRC/Data/CLS-LOC/train/n01795545/n01795545_17114.JPEG,0.43193626403808594
/home/ygu2/kekechen_common/datasets/imagenet/imagenet/ILSVRC/Data/CLS-LOC/train/n01735189/n01735189_3576.JPEG,0.39285874366760254
/home/ygu2/kekechen_common/datasets/imagenet/imagenet/ILSVRC/Data/CLS-LOC/train/n01665541/n01665541_13178.JPEG,0.11389648914337158
/home/ygu2/kekechen_common/datasets/imagenet/imagenet/ILSVRC/Data/CLS-LOC/train/n01753488/n01753488_10852.JPEG,0.4208810329437256
/home/ygu2/kekechen_common/datasets/imagenet/imagenet/ILSVRC/Data/CLS-LOC/train/n01616318/n01616318_14379.JPEG,0.9606208801269531
/home/ygu2/kekechen_common/datasets/imagenet/imagenet/ILSVRC/Data/CLS-LOC/train/n01770393/n01770393_14709.JPEG,0.5761220455169678
/home/ygu2/kekechen_common/datasets/imagenet/imagenet/ILSVRC/Data/CLS-LOC/train/n01669191/n01669191_10049.JPEG,0.0597381591796875
/home/ygu2/kekechen_common/datasets/imagenet/imagenet/ILSVRC/Data/CLS-LOC/train/n01484850/n01484850_14273.JPEG,0.10190248489379883
/home/ygu2/kekechen_common/datasets/imagenet/imagenet/ILSVRC/Data/CLS-LOC/train/n01744401/n01744401_3469.JPEG,0.3580334186553955
/home/ygu2/kekechen_common/datasets/imagenet/imagenet/ILSVRC/Data/CLS-LOC/train/n01514668/n01514668_16788.JPEG,0.9097400903701782
/home/ygu2/kekechen_common/datasets/imagenet/imagenet/ILSVRC/Data/CLS-LOC/train/n01601694/n01601694_13756.JPEG,0.0054242610931396484
/home/ygu2/kekechen_common/datasets/imagenet/imagenet/ILSVRC/Data/CLS-LOC/train/n01614925/n01614925_3752.JPEG,0.7892959117889404
/home/ygu2/kekechen_common/datasets/imagenet/imagenet/ILSVRC/Data/CLS-LOC/train/n01644373/n01644373_16741.JPEG,2.8244452476501465
/home/ygu2/kekechen_common/datasets/imagenet/imagenet/ILSVRC/Data/CLS-LOC/train/n01580077/n01580077_8181.JPEG,0.21936601400375366
/home/ygu2/kekechen_common/datasets/imagenet/imagenet/ILSVRC/Data/CLS-LOC/train/n01773797/n01773797_4474.JPEG,0.044394850730895996
/home/ygu2/kekechen_common/datasets/imagenet/imagenet/ILSVRC/Data/CLS-LOC/train/n01682714/n01682714_7347.JPEG,0.30340832471847534
/home/ygu2/kekechen_common/datasets/imagenet/imagenet/ILSVRC/Data/CLS-LOC/train/n01689811/n01689811_6877.JPEG,0.5735940933227539
/home/ygu2/kekechen_common/datasets/imagenet/imagenet/ILSVRC/Data/CLS-LOC/train/n01796340/n01796340_4377.JPEG,0.3058185577392578
/home/ygu2/kekechen_common/datasets/imagenet/imagenet/ILSVRC/Data/CLS-LOC/train/n01532829/n01532829_37668.JPEG,0.7746057510375977
/home/ygu2/kekechen_common/datasets/imagenet/imagenet/ILSVRC/Data/CLS-LOC/train/n01677366/n01677366_12863.JPEG,0.0024602413177490234
/home/ygu2/kekechen_common/datasets/imagenet/imagenet/ILSVRC/Data/CLS-LOC/train/n01632458/n01632458_214.JPEG,0.5797038078308105
/home/ygu2/kekechen_common/datasets/imagenet/imagenet/ILSVRC/Data/CLS-LOC/train/n01582220/n01582220_169.JPEG,0.1916821002960205
/home/ygu2/kekechen_common/datasets/imagenet/imagenet/ILSVRC/Data/CLS-LOC/train/n01530575/n01530575_2271.JPEG,0.7761139869689941
/home/ygu2/kekechen_common/datasets/imagenet/imagenet/ILSVRC/Data/CLS-LOC/train/n01514668/n01514668_17914.JPEG,0.991473913192749
/home/ygu2/kekechen_common/datasets/imagenet/imagenet/ILSVRC/Data/CLS-LOC/train/n01664065/n01664065_25032.JPEG,0.10416316986083984
/home/ygu2/kekechen_common/datasets/imagenet/imagenet/ILSVRC/Data/CLS-LOC/train/n01704323/n01704323_9029.JPEG,0.5361475944519043
/home/ygu2/kekechen_common/datasets/imagenet/imagenet/ILSVRC/Data/CLS-LOC/train/n01514668/n01514668_21831.JPEG,0.46360576152801514
/home/ygu2/kekechen_common/datasets/imagenet/imagenet/ILSVRC/Data/CLS-LOC/train/n01669191/n01669191_9387.JPEG,0.88005530834198
/home/ygu2/kekechen_common/datasets/imagenet/imagenet/ILSVRC/Data/CLS-LOC/train/n01592084/n01592084_7983.JPEG,0.5850299596786499
/home/ygu2/kekechen_common/datasets/imagenet/imagenet/ILSVRC/Data/CLS-LOC/train/n01641577/n01641577_14541.JPEG,0.10196530818939209
/home/ygu2/kekechen_common/datasets/imagenet/imagenet/ILSVRC/Data/CLS-LOC/train/n01776313/n01776313_12305.JPEG,0.8528879880905151
/home/ygu2/kekechen_common/datasets/imagenet/imagenet/ILSVRC/Data/CLS-LOC/train/n01817953/n01817953_1504.JPEG,0.24213838577270508
/home/ygu2/kekechen_common/datasets/imagenet/imagenet/ILSVRC/Data/CLS-LOC/train/n01740131/n01740131_17242.JPEG,0.0023726224899291992
/home/ygu2/kekechen_common/datasets/imagenet/imagenet/ILSVRC/Data/CLS-LOC/train/n01608432/n01608432_9687.JPEG,1.002951741218567
/home/ygu2/kekechen_common/datasets/imagenet/imagenet/ILSVRC/Data/CLS-LOC/train/n01735189/n01735189_6430.JPEG,0.289257287979126
/home/ygu2/kekechen_common/datasets/imagenet/imagenet/ILSVRC/Data/CLS-LOC/train/n01739381/n01739381_6457.JPEG,0.3502230644226074
/home/ygu2/kekechen_common/datasets/imagenet/imagenet/ILSVRC/Data/CLS-LOC/train/n01498041/n01498041_5315.JPEG,9.810924530029297e-05
/home/ygu2/kekechen_common/datasets/imagenet/imagenet/ILSVRC/Data/CLS-LOC/train/n01677366/n01677366_37267.JPEG,0.694477915763855
/home/ygu2/kekechen_common/datasets/imagenet/imagenet/ILSVRC/Data/CLS-LOC/train/n01632458/n01632458_238.JPEG,0.5609445571899414
/home/ygu2/kekechen_common/datasets/imagenet/imagenet/ILSVRC/Data/CLS-LOC/train/n01631663/n01631663_7563.JPEG,0.18513286113739014
/home/ygu2/kekechen_common/datasets/imagenet/imagenet/ILSVRC/Data/CLS-LOC/train/n01742172/n01742172_2964.JPEG,0.9159352779388428
/home/ygu2/kekechen_common/datasets/imagenet/imagenet/ILSVRC/Data/CLS-LOC/train/n01582220/n01582220_5807.JPEG,0.6675460338592529
/home/ygu2/kekechen_common/datasets/imagenet/imagenet/ILSVRC/Data/CLS-LOC/train/n01677366/n01677366_4528.JPEG,0.26657938957214355
/home/ygu2/kekechen_common/datasets/imagenet/imagenet/ILSVRC/Data/CLS-LOC/train/n01496331/n01496331_8329.JPEG,0.03218436241149902
/home/ygu2/kekechen_common/datasets/imagenet/imagenet/ILSVRC/Data/CLS-LOC/train/n01608432/n01608432_7647.JPEG,0.021602869033813477
/home/ygu2/kekechen_common/datasets/imagenet/imagenet/ILSVRC/Data/CLS-LOC/train/n01795545/n01795545_3315.JPEG,1.0536963939666748
/home/ygu2/kekechen_common/datasets/imagenet/imagenet/ILSVRC/Data/CLS-LOC/train/n01669191/n01669191_11372.JPEG,0.5227668285369873
/home/ygu2/kekechen_common/datasets/imagenet/imagenet/ILSVRC/Data/CLS-LOC/train/n01496331/n01496331_23299.JPEG,0.08011889457702637
/home/ygu2/kekechen_common/datasets/imagenet/imagenet/ILSVRC/Data/CLS-LOC/train/n01773549/n01773549_9346.JPEG,0.7552599906921387
/home/ygu2/kekechen_common/datasets/imagenet/imagenet/ILSVRC/Data/CLS-LOC/train/n01496331/n01496331_11520.JPEG,0.1872483491897583
/home/ygu2/kekechen_common/datasets/imagenet/imagenet/ILSVRC/Data/CLS-LOC/train/n01749939/n01749939_5735.JPEG,0.20625627040863037
/home/ygu2/kekechen_common/datasets/imagenet/imagenet/ILSVRC/Data/CLS-LOC/train/n01496331/n01496331_8784.JPEG,0.13465821743011475
/home/ygu2/kekechen_common/datasets/imagenet/imagenet/ILSVRC/Data/CLS-LOC/train/n01693334/n01693334_8640.JPEG,0.5045428276062012
/home/ygu2/kekechen_common/datasets/imagenet/imagenet/ILSVRC/Data/CLS-LOC/train/n01687978/n01687978_12558.JPEG,0.8637060523033142
/home/ygu2/kekechen_common/datasets/imagenet/imagenet/ILSVRC/Data/CLS-LOC/train/n01669191/n01669191_6874.JPEG,1.6046669483184814
/home/ygu2/kekechen_common/datasets/imagenet/imagenet/ILSVRC/Data/CLS-LOC/train/n01692333/n01692333_9407.JPEG,0.12044525146484375
/home/ygu2/kekechen_common/datasets/imagenet/imagenet/ILSVRC/Data/CLS-LOC/train/n01614925/n01614925_8480.JPEG,0.2597314715385437
/home/ygu2/kekechen_common/datasets/imagenet/imagenet/ILSVRC/Data/CLS-LOC/train/n01498041/n01498041_10471.JPEG,0.7083055973052979
/home/ygu2/kekechen_common/datasets/imagenet/imagenet/ILSVRC/Data/CLS-LOC/train/n01531178/n01531178_14195.JPEG,0.002100348472595215
/home/ygu2/kekechen_common/datasets/imagenet/imagenet/ILSVRC/Data/CLS-LOC/train/n01748264/n01748264_14008.JPEG,0.1132192611694336
/home/ygu2/kekechen_common/datasets/imagenet/imagenet/ILSVRC/Data/CLS-LOC/train/n01632777/n01632777_23758.JPEG,0.439581036567688
/home/ygu2/kekechen_common/datasets/imagenet/imagenet/ILSVRC/Data/CLS-LOC/train/n01748264/n01748264_7959.JPEG,1.0122727155685425
/home/ygu2/kekechen_common/datasets/imagenet/imagenet/ILSVRC/Data/CLS-LOC/train/n01443537/n01443537_13298.JPEG,0.5357391834259033
/home/ygu2/kekechen_common/datasets/imagenet/imagenet/ILSVRC/Data/CLS-LOC/train/n01729322/n01729322_8247.JPEG,0.7713987827301025
/home/ygu2/kekechen_common/datasets/imagenet/imagenet/ILSVRC/Data/CLS-LOC/train/n01494475/n01494475_11760.JPEG,0.6191844940185547
/home/ygu2/kekechen_common/datasets/imagenet/imagenet/ILSVRC/Data/CLS-LOC/train/n01601694/n01601694_11748.JPEG,0.43625855445861816
/home/ygu2/kekechen_common/datasets/imagenet/imagenet/ILSVRC/Data/CLS-LOC/train/n01558993/n01558993_9413.JPEG,0.6758575439453125
/home/ygu2/kekechen_common/datasets/imagenet/imagenet/ILSVRC/Data/CLS-LOC/train/n01494475/n01494475_3061.JPEG,0.6347500681877136
/home/ygu2/kekechen_common/datasets/imagenet/imagenet/ILSVRC/Data/CLS-LOC/train/n01751748/n01751748_15670.JPEG,0.3489663600921631
/home/ygu2/kekechen_common/datasets/imagenet/imagenet/ILSVRC/Data/CLS-LOC/train/n01608432/n01608432_44465.JPEG,0.11544132232666016
/home/ygu2/kekechen_common/datasets/imagenet/imagenet/ILSVRC/Data/CLS-LOC/train/n01749939/n01749939_5771.JPEG,0.8766767978668213
/home/ygu2/kekechen_common/datasets/imagenet/imagenet/ILSVRC/Data/CLS-LOC/train/n01744401/n01744401_6714.JPEG,0.052100181579589844
/home/ygu2/kekechen_common/datasets/imagenet/imagenet/ILSVRC/Data/CLS-LOC/train/n01729977/n01729977_8895.JPEG,2.092073440551758
/home/ygu2/kekechen_common/datasets/imagenet/imagenet/ILSVRC/Data/CLS-LOC/train/n01687978/n01687978_6824.JPEG,0.6473206281661987
/home/ygu2/kekechen_common/datasets/imagenet/imagenet/ILSVRC/Data/CLS-LOC/train/n01514668/n01514668_34400.JPEG,0.6524441242218018
/home/ygu2/kekechen_common/datasets/imagenet/imagenet/ILSVRC/Data/CLS-LOC/train/n01592084/n01592084_7116.JPEG,0.24114418029785156
/home/ygu2/kekechen_common/datasets/imagenet/imagenet/ILSVRC/Data/CLS-LOC/train/n01677366/n01677366_32602.JPEG,0.3959767818450928
/home/ygu2/kekechen_common/datasets/imagenet/imagenet/ILSVRC/Data/CLS-LOC/train/n01751748/n01751748_2939.JPEG,0.439974308013916
/home/ygu2/kekechen_common/datasets/imagenet/imagenet/ILSVRC/Data/CLS-LOC/train/n01749939/n01749939_5282.JPEG,1.2245733737945557
/home/ygu2/kekechen_common/datasets/imagenet/imagenet/ILSVRC/Data/CLS-LOC/train/n01530575/n01530575_3889.JPEG,0.5402765274047852
/home/ygu2/kekechen_common/datasets/imagenet/imagenet/ILSVRC/Data/CLS-LOC/train/n01728572/n01728572_5780.JPEG,0.04556107521057129
/home/ygu2/kekechen_common/datasets/imagenet/imagenet/ILSVRC/Data/CLS-LOC/train/n01496331/n01496331_6117.JPEG,0.25216150283813477
/home/ygu2/kekechen_common/datasets/imagenet/imagenet/ILSVRC/Data/CLS-LOC/train/n01682714/n01682714_18182.JPEG,0.3629804849624634
/home/ygu2/kekechen_common/datasets/imagenet/imagenet/ILSVRC/Data/CLS-LOC/train/n01795545/n01795545_6549.JPEG,0.30226266384124756
/home/ygu2/kekechen_common/datasets/imagenet/imagenet/ILSVRC/Data/CLS-LOC/train/n01693334/n01693334_14093.JPEG,0.6940714120864868
/home/ygu2/kekechen_common/datasets/imagenet/imagenet/ILSVRC/Data/CLS-LOC/train/n01698640/n01698640_9175.JPEG,1.1665818691253662
/home/ygu2/kekechen_common/datasets/imagenet/imagenet/ILSVRC/Data/CLS-LOC/train/n01773797/n01773797_4092.JPEG,0.5102918148040771
/home/ygu2/kekechen_common/datasets/imagenet/imagenet/ILSVRC/Data/CLS-LOC/train/n01798484/n01798484_3711.JPEG,0.22302627563476562
/home/ygu2/kekechen_common/datasets/imagenet/imagenet/ILSVRC/Data/CLS-LOC/train/n01494475/n01494475_4699.JPEG,0.35538673400878906
/home/ygu2/kekechen_common/datasets/imagenet/imagenet/ILSVRC/Data/CLS-LOC/train/n01685808/n01685808_6703.JPEG,0.6280293464660645
/home/ygu2/kekechen_common/datasets/imagenet/imagenet/ILSVRC/Data/CLS-LOC/train/n01774384/n01774384_17594.JPEG,0.2595539093017578
/home/ygu2/kekechen_common/datasets/imagenet/imagenet/ILSVRC/Data/CLS-LOC/train/n01817953/n01817953_2067.JPEG,2.0099291801452637
/home/ygu2/kekechen_common/datasets/imagenet/imagenet/ILSVRC/Data/CLS-LOC/train/n01532829/n01532829_29655.JPEG,0.21758770942687988
/home/ygu2/kekechen_common/datasets/imagenet/imagenet/ILSVRC/Data/CLS-LOC/train/n01770393/n01770393_14481.JPEG,0.44896697998046875
/home/ygu2/kekechen_common/datasets/imagenet/imagenet/ILSVRC/Data/CLS-LOC/train/n01682714/n01682714_2231.JPEG,1.7703866958618164
/home/ygu2/kekechen_common/datasets/imagenet/imagenet/ILSVRC/Data/CLS-LOC/train/n01616318/n01616318_2214.JPEG,0.046135544776916504
/home/ygu2/kekechen_common/datasets/imagenet/imagenet/ILSVRC/Data/CLS-LOC/train/n01796340/n01796340_9956.JPEG,0.6162669658660889
/home/ygu2/kekechen_common/datasets/imagenet/imagenet/ILSVRC/Data/CLS-LOC/train/n01631663/n01631663_14595.JPEG,0.17380023002624512
/home/ygu2/kekechen_common/datasets/imagenet/imagenet/ILSVRC/Data/CLS-LOC/train/n01491361/n01491361_890.JPEG,0.7584774494171143
/home/ygu2/kekechen_common/datasets/imagenet/imagenet/ILSVRC/Data/CLS-LOC/train/n01729977/n01729977_7601.JPEG,0.12413394451141357
/home/ygu2/kekechen_common/datasets/imagenet/imagenet/ILSVRC/Data/CLS-LOC/train/n01751748/n01751748_17185.JPEG,0.4498652219772339
/home/ygu2/kekechen_common/datasets/imagenet/imagenet/ILSVRC/Data/CLS-LOC/train/n01695060/n01695060_21393.JPEG,0.25617051124572754
/home/ygu2/kekechen_common/datasets/imagenet/imagenet/ILSVRC/Data/CLS-LOC/train/n01534433/n01534433_585.JPEG,0.6173828840255737
/home/ygu2/kekechen_common/datasets/imagenet/imagenet/ILSVRC/Data/CLS-LOC/train/n01768244/n01768244_2926.JPEG,1.686209797859192
/home/ygu2/kekechen_common/datasets/imagenet/imagenet/ILSVRC/Data/CLS-LOC/train/n01632458/n01632458_1661.JPEG,0.36897897720336914
/home/ygu2/kekechen_common/datasets/imagenet/imagenet/ILSVRC/Data/CLS-LOC/train/n01728920/n01728920_6549.JPEG,0.7322852611541748
/home/ygu2/kekechen_common/datasets/imagenet/imagenet/ILSVRC/Data/CLS-LOC/train/n01798484/n01798484_4429.JPEG,1.814542531967163
/home/ygu2/kekechen_common/datasets/imagenet/imagenet/ILSVRC/Data/CLS-LOC/train/n01773797/n01773797_5980.JPEG,0.3023872375488281
/home/ygu2/kekechen_common/datasets/imagenet/imagenet/ILSVRC/Data/CLS-LOC/train/n01773549/n01773549_8439.JPEG,0.26070094108581543
/home/ygu2/kekechen_common/datasets/imagenet/imagenet/ILSVRC/Data/CLS-LOC/train/n01665541/n01665541_35588.JPEG,0.6094863414764404
/home/ygu2/kekechen_common/datasets/imagenet/imagenet/ILSVRC/Data/CLS-LOC/train/n01518878/n01518878_21862.JPEG,0.38699042797088623
/home/ygu2/kekechen_common/datasets/imagenet/imagenet/ILSVRC/Data/CLS-LOC/train/n01632777/n01632777_18743.JPEG,0.8003485202789307
/home/ygu2/kekechen_common/datasets/imagenet/imagenet/ILSVRC/Data/CLS-LOC/train/n01494475/n01494475_4713.JPEG,0.170989990234375
/home/ygu2/kekechen_common/datasets/imagenet/imagenet/ILSVRC/Data/CLS-LOC/train/n01667114/n01667114_4045.JPEG,1.341435432434082
/home/ygu2/kekechen_common/datasets/imagenet/imagenet/ILSVRC/Data/CLS-LOC/train/n01632458/n01632458_1828.JPEG,1.061089038848877
/home/ygu2/kekechen_common/datasets/imagenet/imagenet/ILSVRC/Data/CLS-LOC/train/n01770393/n01770393_22913.JPEG,0.2757914066314697
/home/ygu2/kekechen_common/datasets/imagenet/imagenet/ILSVRC/Data/CLS-LOC/train/n01667114/n01667114_3380.JPEG,0.44079017639160156
/home/ygu2/kekechen_common/datasets/imagenet/imagenet/ILSVRC/Data/CLS-LOC/train/n01440764/n01440764_26320.JPEG,0.21062517166137695
/home/ygu2/kekechen_common/datasets/imagenet/imagenet/ILSVRC/Data/CLS-LOC/train/n01601694/n01601694_7217.JPEG,0.4737008810043335
/home/ygu2/kekechen_common/datasets/imagenet/imagenet/ILSVRC/Data/CLS-LOC/train/n01784675/n01784675_12279.JPEG,0.30220937728881836
/home/ygu2/kekechen_common/datasets/imagenet/imagenet/ILSVRC/Data/CLS-LOC/train/n01514668/n01514668_4485.JPEG,0.7850767374038696
/home/ygu2/kekechen_common/datasets/imagenet/imagenet/ILSVRC/Data/CLS-LOC/train/n01496331/n01496331_8043.JPEG,0.2874751091003418
/home/ygu2/kekechen_common/datasets/imagenet/imagenet/ILSVRC/Data/CLS-LOC/train/n01518878/n01518878_2795.JPEG,0.04311084747314453
/home/ygu2/kekechen_common/datasets/imagenet/imagenet/ILSVRC/Data/CLS-LOC/train/n01737021/n01737021_5146.JPEG,0.41544532775878906
/home/ygu2/kekechen_common/datasets/imagenet/imagenet/ILSVRC/Data/CLS-LOC/train/n01695060/n01695060_42258.JPEG,0.16971826553344727
/home/ygu2/kekechen_common/datasets/imagenet/imagenet/ILSVRC/Data/CLS-LOC/train/n01629819/n01629819_29527.JPEG,0.17413806915283203
/home/ygu2/kekechen_common/datasets/imagenet/imagenet/ILSVRC/Data/CLS-LOC/train/n01443537/n01443537_18745.JPEG,0.4466288089752197
/home/ygu2/kekechen_common/datasets/imagenet/imagenet/ILSVRC/Data/CLS-LOC/train/n01665541/n01665541_36464.JPEG,1.494459629058838
/home/ygu2/kekechen_common/datasets/imagenet/imagenet/ILSVRC/Data/CLS-LOC/train/n01729977/n01729977_11921.JPEG,0.8559800386428833
/home/ygu2/kekechen_common/datasets/imagenet/imagenet/ILSVRC/Data/CLS-LOC/train/n01669191/n01669191_9501.JPEG,0.538184404373169
/home/ygu2/kekechen_common/datasets/imagenet/imagenet/ILSVRC/Data/CLS-LOC/train/n01689811/n01689811_9511.JPEG,0.19342947006225586
/home/ygu2/kekechen_common/datasets/imagenet/imagenet/ILSVRC/Data/CLS-LOC/train/n01748264/n01748264_7080.JPEG,0.07675886154174805
/home/ygu2/kekechen_common/datasets/imagenet/imagenet/ILSVRC/Data/CLS-LOC/train/n01531178/n01531178_7218.JPEG,1.747299313545227
/home/ygu2/kekechen_common/datasets/imagenet/imagenet/ILSVRC/Data/CLS-LOC/train/n01773797/n01773797_5737.JPEG,0.05967915058135986
/home/ygu2/kekechen_common/datasets/imagenet/imagenet/ILSVRC/Data/CLS-LOC/train/n01687978/n01687978_13354.JPEG,1.8676525354385376
/home/ygu2/kekechen_common/datasets/imagenet/imagenet/ILSVRC/Data/CLS-LOC/train/n01491361/n01491361_2250.JPEG,1.1480200290679932
/home/ygu2/kekechen_common/datasets/imagenet/imagenet/ILSVRC/Data/CLS-LOC/train/n01742172/n01742172_1704.JPEG,0.5137730836868286
/home/ygu2/kekechen_common/datasets/imagenet/imagenet/ILSVRC/Data/CLS-LOC/train/n01614925/n01614925_18667.JPEG,0.7961239814758301
/home/ygu2/kekechen_common/datasets/imagenet/imagenet/ILSVRC/Data/CLS-LOC/train/n01443537/n01443537_22725.JPEG,0.5683389902114868
/home/ygu2/kekechen_common/datasets/imagenet/imagenet/ILSVRC/Data/CLS-LOC/train/n01534433/n01534433_13176.JPEG,0.6981765031814575
/home/ygu2/kekechen_common/datasets/imagenet/imagenet/ILSVRC/Data/CLS-LOC/train/n01534433/n01534433_7474.JPEG,0.6511751413345337
/home/ygu2/kekechen_common/datasets/imagenet/imagenet/ILSVRC/Data/CLS-LOC/train/n01729322/n01729322_4610.JPEG,1.260305643081665
/home/ygu2/kekechen_common/datasets/imagenet/imagenet/ILSVRC/Data/CLS-LOC/train/n01629819/n01629819_4529.JPEG,0.5378587245941162
/home/ygu2/kekechen_common/datasets/imagenet/imagenet/ILSVRC/Data/CLS-LOC/train/n01749939/n01749939_7959.JPEG,0.3638877868652344
/home/ygu2/kekechen_common/datasets/imagenet/imagenet/ILSVRC/Data/CLS-LOC/train/n01498041/n01498041_13419.JPEG,0.2790231704711914
/home/ygu2/kekechen_common/datasets/imagenet/imagenet/ILSVRC/Data/CLS-LOC/train/n01729322/n01729322_7374.JPEG,0.19142913818359375
/home/ygu2/kekechen_common/datasets/imagenet/imagenet/ILSVRC/Data/CLS-LOC/train/n01689811/n01689811_6171.JPEG,1.0011765956878662
/home/ygu2/kekechen_common/datasets/imagenet/imagenet/ILSVRC/Data/CLS-LOC/train/n01728572/n01728572_16567.JPEG,0.48166584968566895
/home/ygu2/kekechen_common/datasets/imagenet/imagenet/ILSVRC/Data/CLS-LOC/train/n01729322/n01729322_38.JPEG,0.39046669006347656
/home/ygu2/kekechen_common/datasets/imagenet/imagenet/ILSVRC/Data/CLS-LOC/train/n01592084/n01592084_7222.JPEG,0.233251690864563
/home/ygu2/kekechen_common/datasets/imagenet/imagenet/ILSVRC/Data/CLS-LOC/train/n01558993/n01558993_6837.JPEG,0.6015522480010986
/home/ygu2/kekechen_common/datasets/imagenet/imagenet/ILSVRC/Data/CLS-LOC/train/n01491361/n01491361_2452.JPEG,1.065858244895935
/home/ygu2/kekechen_common/datasets/imagenet/imagenet/ILSVRC/Data/CLS-LOC/train/n01734418/n01734418_330.JPEG,0.16177868843078613
/home/ygu2/kekechen_common/datasets/imagenet/imagenet/ILSVRC/Data/CLS-LOC/train/n01531178/n01531178_24511.JPEG,0.8196864128112793
/home/ygu2/kekechen_common/datasets/imagenet/imagenet/ILSVRC/Data/CLS-LOC/train/n01532829/n01532829_5398.JPEG,0.20897138118743896
/home/ygu2/kekechen_common/datasets/imagenet/imagenet/ILSVRC/Data/CLS-LOC/train/n01735189/n01735189_9542.JPEG,0.09895622730255127
/home/ygu2/kekechen_common/datasets/imagenet/imagenet/ILSVRC/Data/CLS-LOC/train/n01644373/n01644373_8466.JPEG,0.20394039154052734
/home/ygu2/kekechen_common/datasets/imagenet/imagenet/ILSVRC/Data/CLS-LOC/train/n01729977/n01729977_11448.JPEG,1.322731852531433
/home/ygu2/kekechen_common/datasets/imagenet/imagenet/ILSVRC/Data/CLS-LOC/train/n01667778/n01667778_16873.JPEG,0.3047029972076416
/home/ygu2/kekechen_common/datasets/imagenet/imagenet/ILSVRC/Data/CLS-LOC/train/n01675722/n01675722_3907.JPEG,0.6375037431716919
/home/ygu2/kekechen_common/datasets/imagenet/imagenet/ILSVRC/Data/CLS-LOC/train/n01685808/n01685808_4839.JPEG,1.1757806539535522
/home/ygu2/kekechen_common/datasets/imagenet/imagenet/ILSVRC/Data/CLS-LOC/train/n01582220/n01582220_3012.JPEG,0.1391291618347168
/home/ygu2/kekechen_common/datasets/imagenet/imagenet/ILSVRC/Data/CLS-LOC/train/n01704323/n01704323_5538.JPEG,0.4435410499572754
/home/ygu2/kekechen_common/datasets/imagenet/imagenet/ILSVRC/Data/CLS-LOC/train/n01632458/n01632458_775.JPEG,0.8347842693328857
/home/ygu2/kekechen_common/datasets/imagenet/imagenet/ILSVRC/Data/CLS-LOC/train/n01622779/n01622779_8981.JPEG,0.24313807487487793
/home/ygu2/kekechen_common/datasets/imagenet/imagenet/ILSVRC/Data/CLS-LOC/train/n01775062/n01775062_3108.JPEG,0.7111579179763794
/home/ygu2/kekechen_common/datasets/imagenet/imagenet/ILSVRC/Data/CLS-LOC/train/n01744401/n01744401_14382.JPEG,0.8409442901611328
/home/ygu2/kekechen_common/datasets/imagenet/imagenet/ILSVRC/Data/CLS-LOC/train/n01704323/n01704323_72.JPEG,0.5768041610717773
/home/ygu2/kekechen_common/datasets/imagenet/imagenet/ILSVRC/Data/CLS-LOC/train/n01735189/n01735189_11267.JPEG,0.7909154891967773
/home/ygu2/kekechen_common/datasets/imagenet/imagenet/ILSVRC/Data/CLS-LOC/train/n01770393/n01770393_10253.JPEG,0.5798084735870361
/home/ygu2/kekechen_common/datasets/imagenet/imagenet/ILSVRC/Data/CLS-LOC/train/n01632458/n01632458_5069.JPEG,0.4674563407897949
/home/ygu2/kekechen_common/datasets/imagenet/imagenet/ILSVRC/Data/CLS-LOC/train/n01498041/n01498041_1958.JPEG,0.2939033508300781
/home/ygu2/kekechen_common/datasets/imagenet/imagenet/ILSVRC/Data/CLS-LOC/train/n01685808/n01685808_8950.JPEG,0.4524662494659424
/home/ygu2/kekechen_common/datasets/imagenet/imagenet/ILSVRC/Data/CLS-LOC/train/n01537544/n01537544_23499.JPEG,4.533368110656738
/home/ygu2/kekechen_common/datasets/imagenet/imagenet/ILSVRC/Data/CLS-LOC/train/n01496331/n01496331_20577.JPEG,0.34416282176971436
/home/ygu2/kekechen_common/datasets/imagenet/imagenet/ILSVRC/Data/CLS-LOC/train/n01797886/n01797886_9138.JPEG,0.03386414051055908
/home/ygu2/kekechen_common/datasets/imagenet/imagenet/ILSVRC/Data/CLS-LOC/train/n01580077/n01580077_3349.JPEG,1.108494758605957
/home/ygu2/kekechen_common/datasets/imagenet/imagenet/ILSVRC/Data/CLS-LOC/train/n01693334/n01693334_2157.JPEG,0.17137765884399414
/home/ygu2/kekechen_common/datasets/imagenet/imagenet/ILSVRC/Data/CLS-LOC/train/n01580077/n01580077_3811.JPEG,0.4845737814903259
/home/ygu2/kekechen_common/datasets/imagenet/imagenet/ILSVRC/Data/CLS-LOC/train/n01630670/n01630670_4296.JPEG,0.3310227394104004
/home/ygu2/kekechen_common/datasets/imagenet/imagenet/ILSVRC/Data/CLS-LOC/train/n01773797/n01773797_7798.JPEG,0.08291411399841309
/home/ygu2/kekechen_common/datasets/imagenet/imagenet/ILSVRC/Data/CLS-LOC/train/n01560419/n01560419_5670.JPEG,0.47370076179504395
/home/ygu2/kekechen_common/datasets/imagenet/imagenet/ILSVRC/Data/CLS-LOC/train/n01631663/n01631663_7198.JPEG,0.20349156856536865
/home/ygu2/kekechen_common/datasets/imagenet/imagenet/ILSVRC/Data/CLS-LOC/train/n01580077/n01580077_3574.JPEG,0.328921914100647
/home/ygu2/kekechen_common/datasets/imagenet/imagenet/ILSVRC/Data/CLS-LOC/train/n01753488/n01753488_3136.JPEG,0.9078027009963989
/home/ygu2/kekechen_common/datasets/imagenet/imagenet/ILSVRC/Data/CLS-LOC/train/n01682714/n01682714_16473.JPEG,0.6157824993133545
/home/ygu2/kekechen_common/datasets/imagenet/imagenet/ILSVRC/Data/CLS-LOC/train/n01729322/n01729322_8825.JPEG,0.2062830924987793
/home/ygu2/kekechen_common/datasets/imagenet/imagenet/ILSVRC/Data/CLS-LOC/train/n01630670/n01630670_9047.JPEG,0.6662497520446777
/home/ygu2/kekechen_common/datasets/imagenet/imagenet/ILSVRC/Data/CLS-LOC/train/n01531178/n01531178_4779.JPEG,0.017687439918518066
/home/ygu2/kekechen_common/datasets/imagenet/imagenet/ILSVRC/Data/CLS-LOC/train/n01491361/n01491361_6695.JPEG,1.1724923849105835
/home/ygu2/kekechen_common/datasets/imagenet/imagenet/ILSVRC/Data/CLS-LOC/train/n01695060/n01695060_5500.JPEG,1.34006667137146
/home/ygu2/kekechen_common/datasets/imagenet/imagenet/ILSVRC/Data/CLS-LOC/train/n01751748/n01751748_5552.JPEG,0.5004525184631348
/home/ygu2/kekechen_common/datasets/imagenet/imagenet/ILSVRC/Data/CLS-LOC/train/n01632777/n01632777_24070.JPEG,0.04971504211425781
/home/ygu2/kekechen_common/datasets/imagenet/imagenet/ILSVRC/Data/CLS-LOC/train/n01689811/n01689811_2193.JPEG,0.2174229621887207
/home/ygu2/kekechen_common/datasets/imagenet/imagenet/ILSVRC/Data/CLS-LOC/train/n01693334/n01693334_1892.JPEG,1.458296537399292
/home/ygu2/kekechen_common/datasets/imagenet/imagenet/ILSVRC/Data/CLS-LOC/train/n01631663/n01631663_5537.JPEG,0.1670076847076416
/home/ygu2/kekechen_common/datasets/imagenet/imagenet/ILSVRC/Data/CLS-LOC/train/n01695060/n01695060_14167.JPEG,0.4875284433364868
/home/ygu2/kekechen_common/datasets/imagenet/imagenet/ILSVRC/Data/CLS-LOC/train/n01770393/n01770393_325.JPEG,0.4892444610595703
/home/ygu2/kekechen_common/datasets/imagenet/imagenet/ILSVRC/Data/CLS-LOC/train/n01644900/n01644900_22170.JPEG,0.46625256538391113
/home/ygu2/kekechen_common/datasets/imagenet/imagenet/ILSVRC/Data/CLS-LOC/train/n01697457/n01697457_1234.JPEG,1.0809271335601807
/home/ygu2/kekechen_common/datasets/imagenet/imagenet/ILSVRC/Data/CLS-LOC/train/n01632458/n01632458_4198.JPEG,0.15831947326660156
/home/ygu2/kekechen_common/datasets/imagenet/imagenet/ILSVRC/Data/CLS-LOC/train/n01665541/n01665541_17175.JPEG,0.1946014165878296
/home/ygu2/kekechen_common/datasets/imagenet/imagenet/ILSVRC/Data/CLS-LOC/train/n01558993/n01558993_13107.JPEG,0.20588934421539307
/home/ygu2/kekechen_common/datasets/imagenet/imagenet/ILSVRC/Data/CLS-LOC/train/n01770081/n01770081_7504.JPEG,1.079347848892212
/home/ygu2/kekechen_common/datasets/imagenet/imagenet/ILSVRC/Data/CLS-LOC/train/n01735189/n01735189_10913.JPEG,0.5034182667732239
/home/ygu2/kekechen_common/datasets/imagenet/imagenet/ILSVRC/Data/CLS-LOC/train/n01629819/n01629819_401.JPEG,0.0610889196395874
/home/ygu2/kekechen_common/datasets/imagenet/imagenet/ILSVRC/Data/CLS-LOC/train/n01751748/n01751748_4688.JPEG,0.7593398690223694
/home/ygu2/kekechen_common/datasets/imagenet/imagenet/ILSVRC/Data/CLS-LOC/train/n01728920/n01728920_6694.JPEG,0.2711920738220215
/home/ygu2/kekechen_common/datasets/imagenet/imagenet/ILSVRC/Data/CLS-LOC/train/n01601694/n01601694_20287.JPEG,0.8485515117645264
/home/ygu2/kekechen_common/datasets/imagenet/imagenet/ILSVRC/Data/CLS-LOC/train/n01729977/n01729977_7617.JPEG,0.23206543922424316
/home/ygu2/kekechen_common/datasets/imagenet/imagenet/ILSVRC/Data/CLS-LOC/train/n01687978/n01687978_6664.JPEG,0.5851243734359741
/home/ygu2/kekechen_common/datasets/imagenet/imagenet/ILSVRC/Data/CLS-LOC/train/n01770393/n01770393_10720.JPEG,0.07411909103393555
/home/ygu2/kekechen_common/datasets/imagenet/imagenet/ILSVRC/Data/CLS-LOC/train/n01614925/n01614925_2109.JPEG,0.544106125831604
/home/ygu2/kekechen_common/datasets/imagenet/imagenet/ILSVRC/Data/CLS-LOC/train/n01484850/n01484850_2488.JPEG,0.22464334964752197
/home/ygu2/kekechen_common/datasets/imagenet/imagenet/ILSVRC/Data/CLS-LOC/train/n01774384/n01774384_1852.JPEG,0.18793582916259766
/home/ygu2/kekechen_common/datasets/imagenet/imagenet/ILSVRC/Data/CLS-LOC/train/n01682714/n01682714_3118.JPEG,0.6553406715393066
/home/ygu2/kekechen_common/datasets/imagenet/imagenet/ILSVRC/Data/CLS-LOC/train/n01739381/n01739381_2501.JPEG,0.8417999744415283
/home/ygu2/kekechen_common/datasets/imagenet/imagenet/ILSVRC/Data/CLS-LOC/train/n01729977/n01729977_11229.JPEG,0.46362996101379395
/home/ygu2/kekechen_common/datasets/imagenet/imagenet/ILSVRC/Data/CLS-LOC/train/n01665541/n01665541_41531.JPEG,0.1687164306640625
/home/ygu2/kekechen_common/datasets/imagenet/imagenet/ILSVRC/Data/CLS-LOC/train/n01695060/n01695060_23972.JPEG,0.38742613792419434
/home/ygu2/kekechen_common/datasets/imagenet/imagenet/ILSVRC/Data/CLS-LOC/train/n01749939/n01749939_5622.JPEG,2.8855137825012207
/home/ygu2/kekechen_common/datasets/imagenet/imagenet/ILSVRC/Data/CLS-LOC/train/n01728572/n01728572_5245.JPEG,0.8922412395477295
/home/ygu2/kekechen_common/datasets/imagenet/imagenet/ILSVRC/Data/CLS-LOC/train/n01740131/n01740131_143.JPEG,0.6900720596313477
/home/ygu2/kekechen_common/datasets/imagenet/imagenet/ILSVRC/Data/CLS-LOC/train/n01592084/n01592084_1344.JPEG,0.08773970603942871
/home/ygu2/kekechen_common/datasets/imagenet/imagenet/ILSVRC/Data/CLS-LOC/train/n01580077/n01580077_14605.JPEG,0.4400501251220703
/home/ygu2/kekechen_common/datasets/imagenet/imagenet/ILSVRC/Data/CLS-LOC/train/n01560419/n01560419_5219.JPEG,1.3853318691253662
/home/ygu2/kekechen_common/datasets/imagenet/imagenet/ILSVRC/Data/CLS-LOC/train/n01797886/n01797886_12944.JPEG,0.31546926498413086
/home/ygu2/kekechen_common/datasets/imagenet/imagenet/ILSVRC/Data/CLS-LOC/train/n01440764/n01440764_10822.JPEG,0.9265668392181396
/home/ygu2/kekechen_common/datasets/imagenet/imagenet/ILSVRC/Data/CLS-LOC/train/n01631663/n01631663_9666.JPEG,0.8724356889724731
/home/ygu2/kekechen_common/datasets/imagenet/imagenet/ILSVRC/Data/CLS-LOC/train/n01742172/n01742172_5040.JPEG,0.5950881838798523
/home/ygu2/kekechen_common/datasets/imagenet/imagenet/ILSVRC/Data/CLS-LOC/train/n01560419/n01560419_6263.JPEG,0.3027665615081787
/home/ygu2/kekechen_common/datasets/imagenet/imagenet/ILSVRC/Data/CLS-LOC/train/n01807496/n01807496_21330.JPEG,0.9708716869354248
/home/ygu2/kekechen_common/datasets/imagenet/imagenet/ILSVRC/Data/CLS-LOC/train/n01773797/n01773797_2043.JPEG,0.8969317674636841
/home/ygu2/kekechen_common/datasets/imagenet/imagenet/ILSVRC/Data/CLS-LOC/train/n01608432/n01608432_4665.JPEG,0.6218885183334351
/home/ygu2/kekechen_common/datasets/imagenet/imagenet/ILSVRC/Data/CLS-LOC/train/n01534433/n01534433_5840.JPEG,1.7981221675872803
/home/ygu2/kekechen_common/datasets/imagenet/imagenet/ILSVRC/Data/CLS-LOC/train/n01669191/n01669191_8016.JPEG,0.5369558334350586
/home/ygu2/kekechen_common/datasets/imagenet/imagenet/ILSVRC/Data/CLS-LOC/train/n01630670/n01630670_7761.JPEG,0.03448009490966797
/home/ygu2/kekechen_common/datasets/imagenet/imagenet/ILSVRC/Data/CLS-LOC/train/n01776313/n01776313_9.JPEG,0.1351318359375
/home/ygu2/kekechen_common/datasets/imagenet/imagenet/ILSVRC/Data/CLS-LOC/train/n01484850/n01484850_24098.JPEG,0.4126005172729492
/home/ygu2/kekechen_common/datasets/imagenet/imagenet/ILSVRC/Data/CLS-LOC/train/n01484850/n01484850_931.JPEG,0.7493240833282471
/home/ygu2/kekechen_common/datasets/imagenet/imagenet/ILSVRC/Data/CLS-LOC/train/n01498041/n01498041_3959.JPEG,0.060217857360839844
/home/ygu2/kekechen_common/datasets/imagenet/imagenet/ILSVRC/Data/CLS-LOC/train/n01734418/n01734418_2071.JPEG,0.18390381336212158
/home/ygu2/kekechen_common/datasets/imagenet/imagenet/ILSVRC/Data/CLS-LOC/train/n01704323/n01704323_6752.JPEG,0.5560379028320312
/home/ygu2/kekechen_common/datasets/imagenet/imagenet/ILSVRC/Data/CLS-LOC/train/n01737021/n01737021_7143.JPEG,0.37437355518341064
/home/ygu2/kekechen_common/datasets/imagenet/imagenet/ILSVRC/Data/CLS-LOC/train/n01560419/n01560419_6668.JPEG,0.012581825256347656
/home/ygu2/kekechen_common/datasets/imagenet/imagenet/ILSVRC/Data/CLS-LOC/train/n01641577/n01641577_8433.JPEG,0.946669340133667
/home/ygu2/kekechen_common/datasets/imagenet/imagenet/ILSVRC/Data/CLS-LOC/train/n01669191/n01669191_4385.JPEG,1.0249693393707275
/home/ygu2/kekechen_common/datasets/imagenet/imagenet/ILSVRC/Data/CLS-LOC/train/n01592084/n01592084_9951.JPEG,0.11298441886901855
/home/ygu2/kekechen_common/datasets/imagenet/imagenet/ILSVRC/Data/CLS-LOC/train/n01580077/n01580077_3250.JPEG,0.5149874687194824
/home/ygu2/kekechen_common/datasets/imagenet/imagenet/ILSVRC/Data/CLS-LOC/train/n01742172/n01742172_19841.JPEG,0.5991427898406982
/home/ygu2/kekechen_common/datasets/imagenet/imagenet/ILSVRC/Data/CLS-LOC/train/n01582220/n01582220_3146.JPEG,0.11664152145385742
/home/ygu2/kekechen_common/datasets/imagenet/imagenet/ILSVRC/Data/CLS-LOC/train/n01629819/n01629819_9353.JPEG,1.123906135559082
/home/ygu2/kekechen_common/datasets/imagenet/imagenet/ILSVRC/Data/CLS-LOC/train/n01667114/n01667114_1192.JPEG,0.043878793716430664
/home/ygu2/kekechen_common/datasets/imagenet/imagenet/ILSVRC/Data/CLS-LOC/train/n01665541/n01665541_16477.JPEG,0.09234178066253662
/home/ygu2/kekechen_common/datasets/imagenet/imagenet/ILSVRC/Data/CLS-LOC/train/n01740131/n01740131_5280.JPEG,0.5086472034454346
/home/ygu2/kekechen_common/datasets/imagenet/imagenet/ILSVRC/Data/CLS-LOC/train/n01669191/n01669191_18286.JPEG,0.7296769618988037
/home/ygu2/kekechen_common/datasets/imagenet/imagenet/ILSVRC/Data/CLS-LOC/train/n01807496/n01807496_7582.JPEG,1.1484589576721191
/home/ygu2/kekechen_common/datasets/imagenet/imagenet/ILSVRC/Data/CLS-LOC/train/n01784675/n01784675_13221.JPEG,0.41637468338012695
/home/ygu2/kekechen_common/datasets/imagenet/imagenet/ILSVRC/Data/CLS-LOC/train/n01773797/n01773797_5421.JPEG,0.3388783931732178
/home/ygu2/kekechen_common/datasets/imagenet/imagenet/ILSVRC/Data/CLS-LOC/train/n01665541/n01665541_11323.JPEG,0.23130470514297485
/home/ygu2/kekechen_common/datasets/imagenet/imagenet/ILSVRC/Data/CLS-LOC/train/n01773157/n01773157_9087.JPEG,0.9792537689208984
/home/ygu2/kekechen_common/datasets/imagenet/imagenet/ILSVRC/Data/CLS-LOC/train/n01608432/n01608432_36776.JPEG,0.37713658809661865
/home/ygu2/kekechen_common/datasets/imagenet/imagenet/ILSVRC/Data/CLS-LOC/train/n01443537/n01443537_9812.JPEG,0.06893503665924072
/home/ygu2/kekechen_common/datasets/imagenet/imagenet/ILSVRC/Data/CLS-LOC/train/n01796340/n01796340_8261.JPEG,0.3297157287597656
/home/ygu2/kekechen_common/datasets/imagenet/imagenet/ILSVRC/Data/CLS-LOC/train/n01692333/n01692333_9647.JPEG,0.04068613052368164
/home/ygu2/kekechen_common/datasets/imagenet/imagenet/ILSVRC/Data/CLS-LOC/train/n01689811/n01689811_668.JPEG,0.7789320945739746
/home/ygu2/kekechen_common/datasets/imagenet/imagenet/ILSVRC/Data/CLS-LOC/train/n01749939/n01749939_6119.JPEG,0.36391913890838623
/home/ygu2/kekechen_common/datasets/imagenet/imagenet/ILSVRC/Data/CLS-LOC/train/n01774384/n01774384_3458.JPEG,0.9677218198776245
/home/ygu2/kekechen_common/datasets/imagenet/imagenet/ILSVRC/Data/CLS-LOC/train/n01751748/n01751748_1797.JPEG,0.47518253326416016
/home/ygu2/kekechen_common/datasets/imagenet/imagenet/ILSVRC/Data/CLS-LOC/train/n01756291/n01756291_17191.JPEG,0.4945082664489746
/home/ygu2/kekechen_common/datasets/imagenet/imagenet/ILSVRC/Data/CLS-LOC/train/n01742172/n01742172_8708.JPEG,0.30286359786987305
/home/ygu2/kekechen_common/datasets/imagenet/imagenet/ILSVRC/Data/CLS-LOC/train/n01491361/n01491361_7273.JPEG,1.8686641454696655
/home/ygu2/kekechen_common/datasets/imagenet/imagenet/ILSVRC/Data/CLS-LOC/train/n01796340/n01796340_9603.JPEG,0.26283252239227295
/home/ygu2/kekechen_common/datasets/imagenet/imagenet/ILSVRC/Data/CLS-LOC/train/n01729322/n01729322_768.JPEG,0.45299220085144043
/home/ygu2/kekechen_common/datasets/imagenet/imagenet/ILSVRC/Data/CLS-LOC/train/n01756291/n01756291_1357.JPEG,0.3229687213897705
/home/ygu2/kekechen_common/datasets/imagenet/imagenet/ILSVRC/Data/CLS-LOC/train/n01775062/n01775062_8265.JPEG,0.31592512130737305
/home/ygu2/kekechen_common/datasets/imagenet/imagenet/ILSVRC/Data/CLS-LOC/train/n01796340/n01796340_8011.JPEG,0.7830229997634888
/home/ygu2/kekechen_common/datasets/imagenet/imagenet/ILSVRC/Data/CLS-LOC/train/n01514668/n01514668_15837.JPEG,0.8557844161987305
/home/ygu2/kekechen_common/datasets/imagenet/imagenet/ILSVRC/Data/CLS-LOC/train/n01667778/n01667778_12753.JPEG,0.9224765300750732
/home/ygu2/kekechen_common/datasets/imagenet/imagenet/ILSVRC/Data/CLS-LOC/train/n01807496/n01807496_6729.JPEG,2.0322041511535645
/home/ygu2/kekechen_common/datasets/imagenet/imagenet/ILSVRC/Data/CLS-LOC/train/n01531178/n01531178_11160.JPEG,1.1081860065460205
/home/ygu2/kekechen_common/datasets/imagenet/imagenet/ILSVRC/Data/CLS-LOC/train/n01531178/n01531178_11576.JPEG,0.05206573009490967
/home/ygu2/kekechen_common/datasets/imagenet/imagenet/ILSVRC/Data/CLS-LOC/train/n01616318/n01616318_13476.JPEG,1.4777432680130005
/home/ygu2/kekechen_common/datasets/imagenet/imagenet/ILSVRC/Data/CLS-LOC/train/n01665541/n01665541_8691.JPEG,0.6368136405944824
/home/ygu2/kekechen_common/datasets/imagenet/imagenet/ILSVRC/Data/CLS-LOC/train/n01770393/n01770393_1323.JPEG,0.703143835067749
/home/ygu2/kekechen_common/datasets/imagenet/imagenet/ILSVRC/Data/CLS-LOC/train/n01774384/n01774384_11067.JPEG,0.001878499984741211
/home/ygu2/kekechen_common/datasets/imagenet/imagenet/ILSVRC/Data/CLS-LOC/train/n01632458/n01632458_1768.JPEG,0.7956724166870117
/home/ygu2/kekechen_common/datasets/imagenet/imagenet/ILSVRC/Data/CLS-LOC/train/n01806143/n01806143_36190.JPEG,1.6399104595184326
/home/ygu2/kekechen_common/datasets/imagenet/imagenet/ILSVRC/Data/CLS-LOC/train/n01773549/n01773549_5400.JPEG,0.10121119022369385
/home/ygu2/kekechen_common/datasets/imagenet/imagenet/ILSVRC/Data/CLS-LOC/train/n01632777/n01632777_23375.JPEG,0.016037940979003906
/home/ygu2/kekechen_common/datasets/imagenet/imagenet/ILSVRC/Data/CLS-LOC/train/n01797886/n01797886_8078.JPEG,2.10319185256958
/home/ygu2/kekechen_common/datasets/imagenet/imagenet/ILSVRC/Data/CLS-LOC/train/n01768244/n01768244_14870.JPEG,0.24668049812316895
/home/ygu2/kekechen_common/datasets/imagenet/imagenet/ILSVRC/Data/CLS-LOC/train/n01616318/n01616318_955.JPEG,1.4947274923324585
/home/ygu2/kekechen_common/datasets/imagenet/imagenet/ILSVRC/Data/CLS-LOC/train/n01494475/n01494475_18012.JPEG,1.5304559469223022
/home/ygu2/kekechen_common/datasets/imagenet/imagenet/ILSVRC/Data/CLS-LOC/train/n01689811/n01689811_9276.JPEG,0.9679849147796631
/home/ygu2/kekechen_common/datasets/imagenet/imagenet/ILSVRC/Data/CLS-LOC/train/n01498041/n01498041_11498.JPEG,0.4399585723876953
/home/ygu2/kekechen_common/datasets/imagenet/imagenet/ILSVRC/Data/CLS-LOC/train/n01677366/n01677366_42901.JPEG,0.48503053188323975
/home/ygu2/kekechen_common/datasets/imagenet/imagenet/ILSVRC/Data/CLS-LOC/train/n01784675/n01784675_5264.JPEG,0.40027403831481934
/home/ygu2/kekechen_common/datasets/imagenet/imagenet/ILSVRC/Data/CLS-LOC/train/n01677366/n01677366_8723.JPEG,0.5531121492385864
/home/ygu2/kekechen_common/datasets/imagenet/imagenet/ILSVRC/Data/CLS-LOC/train/n01694178/n01694178_3660.JPEG,0.7063066959381104
/home/ygu2/kekechen_common/datasets/imagenet/imagenet/ILSVRC/Data/CLS-LOC/train/n01491361/n01491361_978.JPEG,1.098314881324768
/home/ygu2/kekechen_common/datasets/imagenet/imagenet/ILSVRC/Data/CLS-LOC/train/n01744401/n01744401_8466.JPEG,1.2548530101776123
/home/ygu2/kekechen_common/datasets/imagenet/imagenet/ILSVRC/Data/CLS-LOC/train/n01728920/n01728920_21075.JPEG,0.441042423248291
/home/ygu2/kekechen_common/datasets/imagenet/imagenet/ILSVRC/Data/CLS-LOC/train/n01773797/n01773797_1881.JPEG,0.13438105583190918
/home/ygu2/kekechen_common/datasets/imagenet/imagenet/ILSVRC/Data/CLS-LOC/train/n01514668/n01514668_11046.JPEG,0.33216845989227295
/home/ygu2/kekechen_common/datasets/imagenet/imagenet/ILSVRC/Data/CLS-LOC/train/n01531178/n01531178_8175.JPEG,1.3175604343414307
/home/ygu2/kekechen_common/datasets/imagenet/imagenet/ILSVRC/Data/CLS-LOC/train/n01682714/n01682714_7068.JPEG,1.704450249671936
/home/ygu2/kekechen_common/datasets/imagenet/imagenet/ILSVRC/Data/CLS-LOC/train/n01806567/n01806567_13456.JPEG,0.6976242065429688
/home/ygu2/kekechen_common/datasets/imagenet/imagenet/ILSVRC/Data/CLS-LOC/train/n01753488/n01753488_1978.JPEG,0.7392950057983398
/home/ygu2/kekechen_common/datasets/imagenet/imagenet/ILSVRC/Data/CLS-LOC/train/n01773549/n01773549_1194.JPEG,0.40944361686706543
/home/ygu2/kekechen_common/datasets/imagenet/imagenet/ILSVRC/Data/CLS-LOC/train/n01677366/n01677366_7725.JPEG,0.40113401412963867
/home/ygu2/kekechen_common/datasets/imagenet/imagenet/ILSVRC/Data/CLS-LOC/train/n01484850/n01484850_5215.JPEG,0.14635729789733887
/home/ygu2/kekechen_common/datasets/imagenet/imagenet/ILSVRC/Data/CLS-LOC/train/n01796340/n01796340_17554.JPEG,0.7306846976280212
/home/ygu2/kekechen_common/datasets/imagenet/imagenet/ILSVRC/Data/CLS-LOC/train/n01669191/n01669191_5762.JPEG,0.47545719146728516
/home/ygu2/kekechen_common/datasets/imagenet/imagenet/ILSVRC/Data/CLS-LOC/train/n01774750/n01774750_7570.JPEG,0.3528233766555786
/home/ygu2/kekechen_common/datasets/imagenet/imagenet/ILSVRC/Data/CLS-LOC/train/n01558993/n01558993_12613.JPEG,0.38770222663879395
/home/ygu2/kekechen_common/datasets/imagenet/imagenet/ILSVRC/Data/CLS-LOC/train/n01514859/n01514859_3263.JPEG,0.6799641847610474
/home/ygu2/kekechen_common/datasets/imagenet/imagenet/ILSVRC/Data/CLS-LOC/train/n01665541/n01665541_11220.JPEG,0.5085036754608154
/home/ygu2/kekechen_common/datasets/imagenet/imagenet/ILSVRC/Data/CLS-LOC/train/n01694178/n01694178_7342.JPEG,0.14451253414154053
/home/ygu2/kekechen_common/datasets/imagenet/imagenet/ILSVRC/Data/CLS-LOC/train/n01484850/n01484850_24524.JPEG,0.09495234489440918
/home/ygu2/kekechen_common/datasets/imagenet/imagenet/ILSVRC/Data/CLS-LOC/train/n01530575/n01530575_4952.JPEG,0.6551096439361572
/home/ygu2/kekechen_common/datasets/imagenet/imagenet/ILSVRC/Data/CLS-LOC/train/n01592084/n01592084_843.JPEG,0.08809566497802734
/home/ygu2/kekechen_common/datasets/imagenet/imagenet/ILSVRC/Data/CLS-LOC/train/n01817953/n01817953_1257.JPEG,0.10936689376831055
/home/ygu2/kekechen_common/datasets/imagenet/imagenet/ILSVRC/Data/CLS-LOC/train/n01614925/n01614925_1724.JPEG,0.02285635471343994
/home/ygu2/kekechen_common/datasets/imagenet/imagenet/ILSVRC/Data/CLS-LOC/train/n01560419/n01560419_149.JPEG,2.305988311767578
/home/ygu2/kekechen_common/datasets/imagenet/imagenet/ILSVRC/Data/CLS-LOC/train/n01784675/n01784675_8981.JPEG,0.6858798265457153
/home/ygu2/kekechen_common/datasets/imagenet/imagenet/ILSVRC/Data/CLS-LOC/train/n01796340/n01796340_2573.JPEG,0.8029471635818481
/home/ygu2/kekechen_common/datasets/imagenet/imagenet/ILSVRC/Data/CLS-LOC/train/n01773797/n01773797_871.JPEG,0.4549139738082886
/home/ygu2/kekechen_common/datasets/imagenet/imagenet/ILSVRC/Data/CLS-LOC/train/n01631663/n01631663_3527.JPEG,0.2769782543182373
/home/ygu2/kekechen_common/datasets/imagenet/imagenet/ILSVRC/Data/CLS-LOC/train/n01728920/n01728920_16599.JPEG,0.41740190982818604
/home/ygu2/kekechen_common/datasets/imagenet/imagenet/ILSVRC/Data/CLS-LOC/train/n01537544/n01537544_3752.JPEG,0.3351558446884155
/home/ygu2/kekechen_common/datasets/imagenet/imagenet/ILSVRC/Data/CLS-LOC/train/n01773549/n01773549_4354.JPEG,0.9063347578048706
/home/ygu2/kekechen_common/datasets/imagenet/imagenet/ILSVRC/Data/CLS-LOC/train/n01443537/n01443537_318.JPEG,0.42032742500305176
/home/ygu2/kekechen_common/datasets/imagenet/imagenet/ILSVRC/Data/CLS-LOC/train/n01796340/n01796340_218.JPEG,2.608292818069458
/home/ygu2/kekechen_common/datasets/imagenet/imagenet/ILSVRC/Data/CLS-LOC/train/n01773549/n01773549_1188.JPEG,0.3053102493286133
/home/ygu2/kekechen_common/datasets/imagenet/imagenet/ILSVRC/Data/CLS-LOC/train/n01737021/n01737021_4564.JPEG,0.2620580196380615
/home/ygu2/kekechen_common/datasets/imagenet/imagenet/ILSVRC/Data/CLS-LOC/train/n01491361/n01491361_4437.JPEG,0.07296669483184814
/home/ygu2/kekechen_common/datasets/imagenet/imagenet/ILSVRC/Data/CLS-LOC/train/n01514859/n01514859_3413.JPEG,0.5283509492874146
/home/ygu2/kekechen_common/datasets/imagenet/imagenet/ILSVRC/Data/CLS-LOC/train/n01737021/n01737021_3297.JPEG,0.48300719261169434
/home/ygu2/kekechen_common/datasets/imagenet/imagenet/ILSVRC/Data/CLS-LOC/train/n01629819/n01629819_10836.JPEG,0.7180671691894531
/home/ygu2/kekechen_common/datasets/imagenet/imagenet/ILSVRC/Data/CLS-LOC/train/n01537544/n01537544_20091.JPEG,0.3864114284515381
/home/ygu2/kekechen_common/datasets/imagenet/imagenet/ILSVRC/Data/CLS-LOC/train/n01688243/n01688243_7239.JPEG,0.35609865188598633
/home/ygu2/kekechen_common/datasets/imagenet/imagenet/ILSVRC/Data/CLS-LOC/train/n01531178/n01531178_8720.JPEG,1.4563703536987305
/home/ygu2/kekechen_common/datasets/imagenet/imagenet/ILSVRC/Data/CLS-LOC/train/n01773549/n01773549_1310.JPEG,0.016681432723999023
/home/ygu2/kekechen_common/datasets/imagenet/imagenet/ILSVRC/Data/CLS-LOC/train/n01693334/n01693334_11573.JPEG,0.1098477840423584
/home/ygu2/kekechen_common/datasets/imagenet/imagenet/ILSVRC/Data/CLS-LOC/train/n01737021/n01737021_16496.JPEG,0.11791932582855225
/home/ygu2/kekechen_common/datasets/imagenet/imagenet/ILSVRC/Data/CLS-LOC/train/n01664065/n01664065_11277.JPEG,0.15402960777282715
/home/ygu2/kekechen_common/datasets/imagenet/imagenet/ILSVRC/Data/CLS-LOC/train/n01518878/n01518878_15882.JPEG,0.06345987319946289
/home/ygu2/kekechen_common/datasets/imagenet/imagenet/ILSVRC/Data/CLS-LOC/train/n01734418/n01734418_10605.JPEG,0.7604453563690186
/home/ygu2/kekechen_common/datasets/imagenet/imagenet/ILSVRC/Data/CLS-LOC/train/n01698640/n01698640_16122.JPEG,0.44776594638824463
/home/ygu2/kekechen_common/datasets/imagenet/imagenet/ILSVRC/Data/CLS-LOC/train/n01614925/n01614925_2492.JPEG,0.3211178183555603
/home/ygu2/kekechen_common/datasets/imagenet/imagenet/ILSVRC/Data/CLS-LOC/train/n01496331/n01496331_6783.JPEG,0.244606614112854
/home/ygu2/kekechen_common/datasets/imagenet/imagenet/ILSVRC/Data/CLS-LOC/train/n01484850/n01484850_5671.JPEG,0.261025071144104
/home/ygu2/kekechen_common/datasets/imagenet/imagenet/ILSVRC/Data/CLS-LOC/train/n01729322/n01729322_12543.JPEG,0.1681969165802002
/home/ygu2/kekechen_common/datasets/imagenet/imagenet/ILSVRC/Data/CLS-LOC/train/n01629819/n01629819_19364.JPEG,0.02249002456665039
/home/ygu2/kekechen_common/datasets/imagenet/imagenet/ILSVRC/Data/CLS-LOC/train/n01742172/n01742172_9839.JPEG,0.5698111057281494
/home/ygu2/kekechen_common/datasets/imagenet/imagenet/ILSVRC/Data/CLS-LOC/train/n01616318/n01616318_11726.JPEG,0.008009672164916992
/home/ygu2/kekechen_common/datasets/imagenet/imagenet/ILSVRC/Data/CLS-LOC/train/n01807496/n01807496_14294.JPEG,0.35286200046539307
/home/ygu2/kekechen_common/datasets/imagenet/imagenet/ILSVRC/Data/CLS-LOC/train/n01687978/n01687978_1615.JPEG,0.3102588653564453
/home/ygu2/kekechen_common/datasets/imagenet/imagenet/ILSVRC/Data/CLS-LOC/train/n01496331/n01496331_12414.JPEG,0.3340787887573242
/home/ygu2/kekechen_common/datasets/imagenet/imagenet/ILSVRC/Data/CLS-LOC/train/n01682714/n01682714_3821.JPEG,0.5173933506011963
/home/ygu2/kekechen_common/datasets/imagenet/imagenet/ILSVRC/Data/CLS-LOC/train/n01677366/n01677366_21543.JPEG,0.3963766098022461
/home/ygu2/kekechen_common/datasets/imagenet/imagenet/ILSVRC/Data/CLS-LOC/train/n01773797/n01773797_173.JPEG,0.7525243759155273
/home/ygu2/kekechen_common/datasets/imagenet/imagenet/ILSVRC/Data/CLS-LOC/train/n01687978/n01687978_9191.JPEG,0.28094005584716797
/home/ygu2/kekechen_common/datasets/imagenet/imagenet/ILSVRC/Data/CLS-LOC/train/n01530575/n01530575_6805.JPEG,0.598013162612915
/home/ygu2/kekechen_common/datasets/imagenet/imagenet/ILSVRC/Data/CLS-LOC/train/n01728920/n01728920_9264.JPEG,0.6438610553741455
/home/ygu2/kekechen_common/datasets/imagenet/imagenet/ILSVRC/Data/CLS-LOC/train/n01491361/n01491361_11115.JPEG,0.349031925201416
/home/ygu2/kekechen_common/datasets/imagenet/imagenet/ILSVRC/Data/CLS-LOC/train/n01667114/n01667114_3788.JPEG,1.4240753650665283
/home/ygu2/kekechen_common/datasets/imagenet/imagenet/ILSVRC/Data/CLS-LOC/train/n01537544/n01537544_284.JPEG,0.7682585716247559
/home/ygu2/kekechen_common/datasets/imagenet/imagenet/ILSVRC/Data/CLS-LOC/train/n01797886/n01797886_13603.JPEG,1.120985746383667
/home/ygu2/kekechen_common/datasets/imagenet/imagenet/ILSVRC/Data/CLS-LOC/train/n01630670/n01630670_7890.JPEG,0.3002793788909912
/home/ygu2/kekechen_common/datasets/imagenet/imagenet/ILSVRC/Data/CLS-LOC/train/n01773157/n01773157_10542.JPEG,0.0447382926940918
/home/ygu2/kekechen_common/datasets/imagenet/imagenet/ILSVRC/Data/CLS-LOC/train/n01728920/n01728920_12768.JPEG,0.2328028678894043
/home/ygu2/kekechen_common/datasets/imagenet/imagenet/ILSVRC/Data/CLS-LOC/train/n01532829/n01532829_3098.JPEG,0.13109982013702393
/home/ygu2/kekechen_common/datasets/imagenet/imagenet/ILSVRC/Data/CLS-LOC/train/n01784675/n01784675_13010.JPEG,1.0090359449386597
/home/ygu2/kekechen_common/datasets/imagenet/imagenet/ILSVRC/Data/CLS-LOC/train/n01728572/n01728572_15991.JPEG,0.4098238945007324
/home/ygu2/kekechen_common/datasets/imagenet/imagenet/ILSVRC/Data/CLS-LOC/train/n01667114/n01667114_17468.JPEG,0.5147314071655273
/home/ygu2/kekechen_common/datasets/imagenet/imagenet/ILSVRC/Data/CLS-LOC/train/n01770393/n01770393_10276.JPEG,0.05515766143798828
/home/ygu2/kekechen_common/datasets/imagenet/imagenet/ILSVRC/Data/CLS-LOC/train/n01560419/n01560419_2291.JPEG,2.027108669281006
/home/ygu2/kekechen_common/datasets/imagenet/imagenet/ILSVRC/Data/CLS-LOC/train/n01692333/n01692333_9465.JPEG,0.39528441429138184
/home/ygu2/kekechen_common/datasets/imagenet/imagenet/ILSVRC/Data/CLS-LOC/train/n01770393/n01770393_25857.JPEG,0.2914113998413086
/home/ygu2/kekechen_common/datasets/imagenet/imagenet/ILSVRC/Data/CLS-LOC/train/n01693334/n01693334_11070.JPEG,0.791785478591919
/home/ygu2/kekechen_common/datasets/imagenet/imagenet/ILSVRC/Data/CLS-LOC/train/n01632777/n01632777_15033.JPEG,0.42722630500793457
/home/ygu2/kekechen_common/datasets/imagenet/imagenet/ILSVRC/Data/CLS-LOC/train/n01530575/n01530575_9914.JPEG,0.601723313331604
/home/ygu2/kekechen_common/datasets/imagenet/imagenet/ILSVRC/Data/CLS-LOC/train/n01530575/n01530575_7696.JPEG,1.4822351932525635
/home/ygu2/kekechen_common/datasets/imagenet/imagenet/ILSVRC/Data/CLS-LOC/train/n01667114/n01667114_6335.JPEG,0.6451733112335205
/home/ygu2/kekechen_common/datasets/imagenet/imagenet/ILSVRC/Data/CLS-LOC/train/n01751748/n01751748_18629.JPEG,0.6676206588745117
/home/ygu2/kekechen_common/datasets/imagenet/imagenet/ILSVRC/Data/CLS-LOC/train/n01514859/n01514859_19771.JPEG,0.9435961246490479
/home/ygu2/kekechen_common/datasets/imagenet/imagenet/ILSVRC/Data/CLS-LOC/train/n01697457/n01697457_4752.JPEG,0.19280457496643066
/home/ygu2/kekechen_common/datasets/imagenet/imagenet/ILSVRC/Data/CLS-LOC/train/n01532829/n01532829_2924.JPEG,0.557375431060791
/home/ygu2/kekechen_common/datasets/imagenet/imagenet/ILSVRC/Data/CLS-LOC/train/n01558993/n01558993_13988.JPEG,0.4793212413787842
/home/ygu2/kekechen_common/datasets/imagenet/imagenet/ILSVRC/Data/CLS-LOC/train/n01773797/n01773797_4604.JPEG,0.5106251239776611
/home/ygu2/kekechen_common/datasets/imagenet/imagenet/ILSVRC/Data/CLS-LOC/train/n01776313/n01776313_19934.JPEG,0.1884450912475586
/home/ygu2/kekechen_common/datasets/imagenet/imagenet/ILSVRC/Data/CLS-LOC/train/n01677366/n01677366_13929.JPEG,3.1603145599365234
/home/ygu2/kekechen_common/datasets/imagenet/imagenet/ILSVRC/Data/CLS-LOC/train/n01768244/n01768244_12335.JPEG,1.7234697341918945
/home/ygu2/kekechen_common/datasets/imagenet/imagenet/ILSVRC/Data/CLS-LOC/train/n01806143/n01806143_8931.JPEG,0.3710066080093384
/home/ygu2/kekechen_common/datasets/imagenet/imagenet/ILSVRC/Data/CLS-LOC/train/n01669191/n01669191_769.JPEG,0.8409817218780518
/home/ygu2/kekechen_common/datasets/imagenet/imagenet/ILSVRC/Data/CLS-LOC/train/n01531178/n01531178_23146.JPEG,0.20635998249053955
/home/ygu2/kekechen_common/datasets/imagenet/imagenet/ILSVRC/Data/CLS-LOC/train/n01682714/n01682714_5324.JPEG,0.0498349666595459
/home/ygu2/kekechen_common/datasets/imagenet/imagenet/ILSVRC/Data/CLS-LOC/train/n01537544/n01537544_868.JPEG,0.5212216377258301
/home/ygu2/kekechen_common/datasets/imagenet/imagenet/ILSVRC/Data/CLS-LOC/train/n01728920/n01728920_7586.JPEG,0.6305210590362549
/home/ygu2/kekechen_common/datasets/imagenet/imagenet/ILSVRC/Data/CLS-LOC/train/n01440764/n01440764_11420.JPEG,3.8030295372009277
/home/ygu2/kekechen_common/datasets/imagenet/imagenet/ILSVRC/Data/CLS-LOC/train/n01749939/n01749939_5628.JPEG,0.1297823190689087
/home/ygu2/kekechen_common/datasets/imagenet/imagenet/ILSVRC/Data/CLS-LOC/train/n01532829/n01532829_13682.JPEG,1.7041136026382446
/home/ygu2/kekechen_common/datasets/imagenet/imagenet/ILSVRC/Data/CLS-LOC/train/n01693334/n01693334_9224.JPEG,0.05915212631225586
/home/ygu2/kekechen_common/datasets/imagenet/imagenet/ILSVRC/Data/CLS-LOC/train/n01494475/n01494475_5400.JPEG,0.20657193660736084
/home/ygu2/kekechen_common/datasets/imagenet/imagenet/ILSVRC/Data/CLS-LOC/train/n01768244/n01768244_10478.JPEG,0.5025210380554199
/home/ygu2/kekechen_common/datasets/imagenet/imagenet/ILSVRC/Data/CLS-LOC/train/n01484850/n01484850_18649.JPEG,0.7140536308288574
/home/ygu2/kekechen_common/datasets/imagenet/imagenet/ILSVRC/Data/CLS-LOC/train/n01798484/n01798484_859.JPEG,0.6877682209014893
/home/ygu2/kekechen_common/datasets/imagenet/imagenet/ILSVRC/Data/CLS-LOC/train/n01729977/n01729977_8236.JPEG,0.47498416900634766
/home/ygu2/kekechen_common/datasets/imagenet/imagenet/ILSVRC/Data/CLS-LOC/train/n01443537/n01443537_4998.JPEG,1.060257911682129
/home/ygu2/kekechen_common/datasets/imagenet/imagenet/ILSVRC/Data/CLS-LOC/train/n01631663/n01631663_8609.JPEG,0.3699612617492676
/home/ygu2/kekechen_common/datasets/imagenet/imagenet/ILSVRC/Data/CLS-LOC/train/n01784675/n01784675_14348.JPEG,0.008575677871704102
/home/ygu2/kekechen_common/datasets/imagenet/imagenet/ILSVRC/Data/CLS-LOC/train/n01817953/n01817953_9174.JPEG,0.045245587825775146
/home/ygu2/kekechen_common/datasets/imagenet/imagenet/ILSVRC/Data/CLS-LOC/train/n01669191/n01669191_14071.JPEG,0.6132514476776123
/home/ygu2/kekechen_common/datasets/imagenet/imagenet/ILSVRC/Data/CLS-LOC/train/n01798484/n01798484_1339.JPEG,0.883598804473877
/home/ygu2/kekechen_common/datasets/imagenet/imagenet/ILSVRC/Data/CLS-LOC/train/n01641577/n01641577_3203.JPEG,1.0708085298538208
/home/ygu2/kekechen_common/datasets/imagenet/imagenet/ILSVRC/Data/CLS-LOC/train/n01629819/n01629819_17092.JPEG,0.5171340703964233
/home/ygu2/kekechen_common/datasets/imagenet/imagenet/ILSVRC/Data/CLS-LOC/train/n01632777/n01632777_9089.JPEG,0.3401371240615845
/home/ygu2/kekechen_common/datasets/imagenet/imagenet/ILSVRC/Data/CLS-LOC/train/n01768244/n01768244_7157.JPEG,0.551906943321228
/home/ygu2/kekechen_common/datasets/imagenet/imagenet/ILSVRC/Data/CLS-LOC/train/n01537544/n01537544_4717.JPEG,0.11559557914733887
/home/ygu2/kekechen_common/datasets/imagenet/imagenet/ILSVRC/Data/CLS-LOC/train/n01677366/n01677366_4876.JPEG,0.3615204095840454
/home/ygu2/kekechen_common/datasets/imagenet/imagenet/ILSVRC/Data/CLS-LOC/train/n01664065/n01664065_25761.JPEG,0.35892200469970703
/home/ygu2/kekechen_common/datasets/imagenet/imagenet/ILSVRC/Data/CLS-LOC/train/n01698640/n01698640_8654.JPEG,0.16149544715881348
/home/ygu2/kekechen_common/datasets/imagenet/imagenet/ILSVRC/Data/CLS-LOC/train/n01817953/n01817953_7862.JPEG,0.23296785354614258
/home/ygu2/kekechen_common/datasets/imagenet/imagenet/ILSVRC/Data/CLS-LOC/train/n01665541/n01665541_35662.JPEG,0.04216957092285156
/home/ygu2/kekechen_common/datasets/imagenet/imagenet/ILSVRC/Data/CLS-LOC/train/n01514668/n01514668_38423.JPEG,0.153753399848938
/home/ygu2/kekechen_common/datasets/imagenet/imagenet/ILSVRC/Data/CLS-LOC/train/n01665541/n01665541_44044.JPEG,0.15954184532165527
/home/ygu2/kekechen_common/datasets/imagenet/imagenet/ILSVRC/Data/CLS-LOC/train/n01491361/n01491361_2183.JPEG,0.6768324375152588
/home/ygu2/kekechen_common/datasets/imagenet/imagenet/ILSVRC/Data/CLS-LOC/train/n01644900/n01644900_8700.JPEG,0.2961050271987915
/home/ygu2/kekechen_common/datasets/imagenet/imagenet/ILSVRC/Data/CLS-LOC/train/n01806567/n01806567_6808.JPEG,1.0293961763381958
/home/ygu2/kekechen_common/datasets/imagenet/imagenet/ILSVRC/Data/CLS-LOC/train/n01689811/n01689811_642.JPEG,0.06074726581573486
/home/ygu2/kekechen_common/datasets/imagenet/imagenet/ILSVRC/Data/CLS-LOC/train/n01601694/n01601694_8231.JPEG,0.4121096134185791
/home/ygu2/kekechen_common/datasets/imagenet/imagenet/ILSVRC/Data/CLS-LOC/train/n01694178/n01694178_3233.JPEG,0.37939023971557617
/home/ygu2/kekechen_common/datasets/imagenet/imagenet/ILSVRC/Data/CLS-LOC/train/n01748264/n01748264_2978.JPEG,0.5112509727478027
/home/ygu2/kekechen_common/datasets/imagenet/imagenet/ILSVRC/Data/CLS-LOC/train/n01693334/n01693334_5516.JPEG,0.27571964263916016
/home/ygu2/kekechen_common/datasets/imagenet/imagenet/ILSVRC/Data/CLS-LOC/train/n01608432/n01608432_14366.JPEG,0.08235299587249756
/home/ygu2/kekechen_common/datasets/imagenet/imagenet/ILSVRC/Data/CLS-LOC/train/n01644900/n01644900_7534.JPEG,0.3383321762084961
/home/ygu2/kekechen_common/datasets/imagenet/imagenet/ILSVRC/Data/CLS-LOC/train/n01770393/n01770393_10673.JPEG,0.14325451850891113
/home/ygu2/kekechen_common/datasets/imagenet/imagenet/ILSVRC/Data/CLS-LOC/train/n01784675/n01784675_28628.JPEG,0.6443297863006592
/home/ygu2/kekechen_common/datasets/imagenet/imagenet/ILSVRC/Data/CLS-LOC/train/n01740131/n01740131_15505.JPEG,1.1672790050506592
/home/ygu2/kekechen_common/datasets/imagenet/imagenet/ILSVRC/Data/CLS-LOC/train/n01729322/n01729322_16447.JPEG,0.7309117317199707
/home/ygu2/kekechen_common/datasets/imagenet/imagenet/ILSVRC/Data/CLS-LOC/train/n01774750/n01774750_474.JPEG,1.0914876461029053
/home/ygu2/kekechen_common/datasets/imagenet/imagenet/ILSVRC/Data/CLS-LOC/train/n01560419/n01560419_2256.JPEG,0.08115863800048828
/home/ygu2/kekechen_common/datasets/imagenet/imagenet/ILSVRC/Data/CLS-LOC/train/n01773157/n01773157_332.JPEG,0.41148877143859863
/home/ygu2/kekechen_common/datasets/imagenet/imagenet/ILSVRC/Data/CLS-LOC/train/n01667114/n01667114_11333.JPEG,0.7660567760467529
/home/ygu2/kekechen_common/datasets/imagenet/imagenet/ILSVRC/Data/CLS-LOC/train/n01641577/n01641577_3923.JPEG,0.2865818738937378
/home/ygu2/kekechen_common/datasets/imagenet/imagenet/ILSVRC/Data/CLS-LOC/train/n01514859/n01514859_5863.JPEG,0.7400312423706055
/home/ygu2/kekechen_common/datasets/imagenet/imagenet/ILSVRC/Data/CLS-LOC/train/n01532829/n01532829_831.JPEG,0.31541121006011963
/home/ygu2/kekechen_common/datasets/imagenet/imagenet/ILSVRC/Data/CLS-LOC/train/n01532829/n01532829_18446.JPEG,0.7558014392852783
/home/ygu2/kekechen_common/datasets/imagenet/imagenet/ILSVRC/Data/CLS-LOC/train/n01784675/n01784675_9426.JPEG,0.4204268455505371
/home/ygu2/kekechen_common/datasets/imagenet/imagenet/ILSVRC/Data/CLS-LOC/train/n01582220/n01582220_5947.JPEG,1.8718916177749634
/home/ygu2/kekechen_common/datasets/imagenet/imagenet/ILSVRC/Data/CLS-LOC/train/n01806143/n01806143_10077.JPEG,0.5048811435699463
/home/ygu2/kekechen_common/datasets/imagenet/imagenet/ILSVRC/Data/CLS-LOC/train/n01496331/n01496331_28576.JPEG,0.015988588333129883
/home/ygu2/kekechen_common/datasets/imagenet/imagenet/ILSVRC/Data/CLS-LOC/train/n01756291/n01756291_10790.JPEG,0.7526013851165771
/home/ygu2/kekechen_common/datasets/imagenet/imagenet/ILSVRC/Data/CLS-LOC/train/n01776313/n01776313_34171.JPEG,0.955214262008667
/home/ygu2/kekechen_common/datasets/imagenet/imagenet/ILSVRC/Data/CLS-LOC/train/n01776313/n01776313_11903.JPEG,0.4456310272216797
/home/ygu2/kekechen_common/datasets/imagenet/imagenet/ILSVRC/Data/CLS-LOC/train/n01797886/n01797886_4730.JPEG,0.39217686653137207
/home/ygu2/kekechen_common/datasets/imagenet/imagenet/ILSVRC/Data/CLS-LOC/train/n01608432/n01608432_10926.JPEG,0.11874651908874512
/home/ygu2/kekechen_common/datasets/imagenet/imagenet/ILSVRC/Data/CLS-LOC/train/n01558993/n01558993_8499.JPEG,0.5867412090301514
/home/ygu2/kekechen_common/datasets/imagenet/imagenet/ILSVRC/Data/CLS-LOC/train/n01753488/n01753488_7513.JPEG,0.678013801574707
/home/ygu2/kekechen_common/datasets/imagenet/imagenet/ILSVRC/Data/CLS-LOC/train/n01632777/n01632777_19254.JPEG,0.6029385328292847
/home/ygu2/kekechen_common/datasets/imagenet/imagenet/ILSVRC/Data/CLS-LOC/train/n01534433/n01534433_11841.JPEG,0.49038219451904297
/home/ygu2/kekechen_common/datasets/imagenet/imagenet/ILSVRC/Data/CLS-LOC/train/n01632777/n01632777_11609.JPEG,0.11931335926055908
/home/ygu2/kekechen_common/datasets/imagenet/imagenet/ILSVRC/Data/CLS-LOC/train/n01728572/n01728572_86.JPEG,0.316839337348938
/home/ygu2/kekechen_common/datasets/imagenet/imagenet/ILSVRC/Data/CLS-LOC/train/n01496331/n01496331_7519.JPEG,0.3017439842224121
/home/ygu2/kekechen_common/datasets/imagenet/imagenet/ILSVRC/Data/CLS-LOC/train/n01631663/n01631663_609.JPEG,0.3749113082885742
/home/ygu2/kekechen_common/datasets/imagenet/imagenet/ILSVRC/Data/CLS-LOC/train/n01784675/n01784675_23232.JPEG,4.953022003173828
/home/ygu2/kekechen_common/datasets/imagenet/imagenet/ILSVRC/Data/CLS-LOC/train/n01756291/n01756291_617.JPEG,0.9088988304138184
/home/ygu2/kekechen_common/datasets/imagenet/imagenet/ILSVRC/Data/CLS-LOC/train/n01667778/n01667778_8903.JPEG,0.0011522769927978516
/home/ygu2/kekechen_common/datasets/imagenet/imagenet/ILSVRC/Data/CLS-LOC/train/n01560419/n01560419_16484.JPEG,0.10796165466308594
/home/ygu2/kekechen_common/datasets/imagenet/imagenet/ILSVRC/Data/CLS-LOC/train/n01632777/n01632777_13259.JPEG,2.142167806625366
/home/ygu2/kekechen_common/datasets/imagenet/imagenet/ILSVRC/Data/CLS-LOC/train/n01748264/n01748264_5506.JPEG,1.4029273986816406
/home/ygu2/kekechen_common/datasets/imagenet/imagenet/ILSVRC/Data/CLS-LOC/train/n01742172/n01742172_8744.JPEG,1.2498528957366943
/home/ygu2/kekechen_common/datasets/imagenet/imagenet/ILSVRC/Data/CLS-LOC/train/n01740131/n01740131_109.JPEG,0.02252984046936035
/home/ygu2/kekechen_common/datasets/imagenet/imagenet/ILSVRC/Data/CLS-LOC/train/n01739381/n01739381_5400.JPEG,1.1533628702163696
/home/ygu2/kekechen_common/datasets/imagenet/imagenet/ILSVRC/Data/CLS-LOC/train/n01807496/n01807496_468.JPEG,0.684037446975708
/home/ygu2/kekechen_common/datasets/imagenet/imagenet/ILSVRC/Data/CLS-LOC/train/n01582220/n01582220_4813.JPEG,0.19396519660949707
/home/ygu2/kekechen_common/datasets/imagenet/imagenet/ILSVRC/Data/CLS-LOC/train/n01630670/n01630670_6093.JPEG,0.5569641590118408
/home/ygu2/kekechen_common/datasets/imagenet/imagenet/ILSVRC/Data/CLS-LOC/train/n01641577/n01641577_848.JPEG,0.15549707412719727
/home/ygu2/kekechen_common/datasets/imagenet/imagenet/ILSVRC/Data/CLS-LOC/train/n01518878/n01518878_2865.JPEG,1.565948486328125
/home/ygu2/kekechen_common/datasets/imagenet/imagenet/ILSVRC/Data/CLS-LOC/train/n01630670/n01630670_168.JPEG,0.9182268381118774
/home/ygu2/kekechen_common/datasets/imagenet/imagenet/ILSVRC/Data/CLS-LOC/train/n01728572/n01728572_7899.JPEG,0.6468348503112793
/home/ygu2/kekechen_common/datasets/imagenet/imagenet/ILSVRC/Data/CLS-LOC/train/n01491361/n01491361_4210.JPEG,1.024388074874878
/home/ygu2/kekechen_common/datasets/imagenet/imagenet/ILSVRC/Data/CLS-LOC/train/n01796340/n01796340_14668.JPEG,0.2718392610549927
/home/ygu2/kekechen_common/datasets/imagenet/imagenet/ILSVRC/Data/CLS-LOC/train/n01773157/n01773157_9551.JPEG,0.6968719959259033
/home/ygu2/kekechen_common/datasets/imagenet/imagenet/ILSVRC/Data/CLS-LOC/train/n01667114/n01667114_3528.JPEG,0.19222021102905273
/home/ygu2/kekechen_common/datasets/imagenet/imagenet/ILSVRC/Data/CLS-LOC/train/n01694178/n01694178_2884.JPEG,0.12258720397949219
/home/ygu2/kekechen_common/datasets/imagenet/imagenet/ILSVRC/Data/CLS-LOC/train/n01531178/n01531178_2056.JPEG,0.2190912961959839
/home/ygu2/kekechen_common/datasets/imagenet/imagenet/ILSVRC/Data/CLS-LOC/train/n01688243/n01688243_6777.JPEG,0.7565572261810303
/home/ygu2/kekechen_common/datasets/imagenet/imagenet/ILSVRC/Data/CLS-LOC/train/n01693334/n01693334_2516.JPEG,0.3671700954437256
/home/ygu2/kekechen_common/datasets/imagenet/imagenet/ILSVRC/Data/CLS-LOC/train/n01735189/n01735189_16015.JPEG,0.3468477725982666
/home/ygu2/kekechen_common/datasets/imagenet/imagenet/ILSVRC/Data/CLS-LOC/train/n01818515/n01818515_1258.JPEG,1.9477647542953491
/home/ygu2/kekechen_common/datasets/imagenet/imagenet/ILSVRC/Data/CLS-LOC/train/n01632777/n01632777_2299.JPEG,0.6134757995605469
/home/ygu2/kekechen_common/datasets/imagenet/imagenet/ILSVRC/Data/CLS-LOC/train/n01601694/n01601694_10489.JPEG,0.6537837386131287
/home/ygu2/kekechen_common/datasets/imagenet/imagenet/ILSVRC/Data/CLS-LOC/train/n01491361/n01491361_13365.JPEG,0.17095041275024414
/home/ygu2/kekechen_common/datasets/imagenet/imagenet/ILSVRC/Data/CLS-LOC/train/n01817953/n01817953_29317.JPEG,0.08024978637695312
/home/ygu2/kekechen_common/datasets/imagenet/imagenet/ILSVRC/Data/CLS-LOC/train/n01735189/n01735189_5537.JPEG,1.1092743873596191
/home/ygu2/kekechen_common/datasets/imagenet/imagenet/ILSVRC/Data/CLS-LOC/train/n01784675/n01784675_2329.JPEG,1.9476759433746338
/home/ygu2/kekechen_common/datasets/imagenet/imagenet/ILSVRC/Data/CLS-LOC/train/n01739381/n01739381_6967.JPEG,2.833627462387085
/home/ygu2/kekechen_common/datasets/imagenet/imagenet/ILSVRC/Data/CLS-LOC/train/n01443537/n01443537_16655.JPEG,0.4766249656677246
/home/ygu2/kekechen_common/datasets/imagenet/imagenet/ILSVRC/Data/CLS-LOC/train/n01491361/n01491361_3708.JPEG,0.8736773729324341
/home/ygu2/kekechen_common/datasets/imagenet/imagenet/ILSVRC/Data/CLS-LOC/train/n01796340/n01796340_13989.JPEG,0.8461076021194458
/home/ygu2/kekechen_common/datasets/imagenet/imagenet/ILSVRC/Data/CLS-LOC/train/n01644900/n01644900_8631.JPEG,0.30689239501953125
/home/ygu2/kekechen_common/datasets/imagenet/imagenet/ILSVRC/Data/CLS-LOC/train/n01737021/n01737021_17471.JPEG,0.10902881622314453
/home/ygu2/kekechen_common/datasets/imagenet/imagenet/ILSVRC/Data/CLS-LOC/train/n01580077/n01580077_2042.JPEG,0.6498637199401855
/home/ygu2/kekechen_common/datasets/imagenet/imagenet/ILSVRC/Data/CLS-LOC/train/n01592084/n01592084_6414.JPEG,0.3164299726486206
/home/ygu2/kekechen_common/datasets/imagenet/imagenet/ILSVRC/Data/CLS-LOC/train/n01669191/n01669191_8466.JPEG,0.4922220706939697
/home/ygu2/kekechen_common/datasets/imagenet/imagenet/ILSVRC/Data/CLS-LOC/train/n01537544/n01537544_10839.JPEG,2.315852165222168
/home/ygu2/kekechen_common/datasets/imagenet/imagenet/ILSVRC/Data/CLS-LOC/train/n01496331/n01496331_6414.JPEG,0.5438060760498047
/home/ygu2/kekechen_common/datasets/imagenet/imagenet/ILSVRC/Data/CLS-LOC/train/n01677366/n01677366_3716.JPEG,0.3882575035095215
/home/ygu2/kekechen_common/datasets/imagenet/imagenet/ILSVRC/Data/CLS-LOC/train/n01704323/n01704323_555.JPEG,0.8202240467071533
/home/ygu2/kekechen_common/datasets/imagenet/imagenet/ILSVRC/Data/CLS-LOC/train/n01774384/n01774384_6335.JPEG,0.0881955623626709
/home/ygu2/kekechen_common/datasets/imagenet/imagenet/ILSVRC/Data/CLS-LOC/train/n01693334/n01693334_15788.JPEG,0.08050799369812012
/home/ygu2/kekechen_common/datasets/imagenet/imagenet/ILSVRC/Data/CLS-LOC/train/n01773549/n01773549_7226.JPEG,0.21390414237976074
/home/ygu2/kekechen_common/datasets/imagenet/imagenet/ILSVRC/Data/CLS-LOC/train/n01693334/n01693334_20920.JPEG,0.8138828277587891
/home/ygu2/kekechen_common/datasets/imagenet/imagenet/ILSVRC/Data/CLS-LOC/train/n01807496/n01807496_14489.JPEG,1.1057811975479126
/home/ygu2/kekechen_common/datasets/imagenet/imagenet/ILSVRC/Data/CLS-LOC/train/n01751748/n01751748_8824.JPEG,0.17190217971801758
/home/ygu2/kekechen_common/datasets/imagenet/imagenet/ILSVRC/Data/CLS-LOC/train/n01776313/n01776313_37087.JPEG,0.4146127700805664
/home/ygu2/kekechen_common/datasets/imagenet/imagenet/ILSVRC/Data/CLS-LOC/train/n01694178/n01694178_4863.JPEG,0.40900564193725586
/home/ygu2/kekechen_common/datasets/imagenet/imagenet/ILSVRC/Data/CLS-LOC/train/n01498041/n01498041_2043.JPEG,0.3094567060470581
/home/ygu2/kekechen_common/datasets/imagenet/imagenet/ILSVRC/Data/CLS-LOC/train/n01443537/n01443537_13924.JPEG,0.24211645126342773
/home/ygu2/kekechen_common/datasets/imagenet/imagenet/ILSVRC/Data/CLS-LOC/train/n01749939/n01749939_13580.JPEG,0.1569373607635498
/home/ygu2/kekechen_common/datasets/imagenet/imagenet/ILSVRC/Data/CLS-LOC/train/n01773549/n01773549_7885.JPEG,0.1293882131576538
/home/ygu2/kekechen_common/datasets/imagenet/imagenet/ILSVRC/Data/CLS-LOC/train/n01734418/n01734418_2727.JPEG,0.7250525951385498
/home/ygu2/kekechen_common/datasets/imagenet/imagenet/ILSVRC/Data/CLS-LOC/train/n01496331/n01496331_30753.JPEG,0.22432303428649902
/home/ygu2/kekechen_common/datasets/imagenet/imagenet/ILSVRC/Data/CLS-LOC/train/n01514859/n01514859_8054.JPEG,0.7940635681152344
/home/ygu2/kekechen_common/datasets/imagenet/imagenet/ILSVRC/Data/CLS-LOC/train/n01729977/n01729977_4298.JPEG,1.7198765277862549
/home/ygu2/kekechen_common/datasets/imagenet/imagenet/ILSVRC/Data/CLS-LOC/train/n01742172/n01742172_2804.JPEG,0.6741117238998413
/home/ygu2/kekechen_common/datasets/imagenet/imagenet/ILSVRC/Data/CLS-LOC/train/n01664065/n01664065_6108.JPEG,0.06230330467224121
/home/ygu2/kekechen_common/datasets/imagenet/imagenet/ILSVRC/Data/CLS-LOC/train/n01494475/n01494475_5153.JPEG,1.2265698909759521
/home/ygu2/kekechen_common/datasets/imagenet/imagenet/ILSVRC/Data/CLS-LOC/train/n01773157/n01773157_11166.JPEG,0.4328571557998657
/home/ygu2/kekechen_common/datasets/imagenet/imagenet/ILSVRC/Data/CLS-LOC/train/n01807496/n01807496_17166.JPEG,0.3141390085220337
/home/ygu2/kekechen_common/datasets/imagenet/imagenet/ILSVRC/Data/CLS-LOC/train/n01608432/n01608432_26502.JPEG,0.0023241043090820312
/home/ygu2/kekechen_common/datasets/imagenet/imagenet/ILSVRC/Data/CLS-LOC/train/n01817953/n01817953_3507.JPEG,0.06767916679382324
/home/ygu2/kekechen_common/datasets/imagenet/imagenet/ILSVRC/Data/CLS-LOC/train/n01773797/n01773797_6472.JPEG,0.07422757148742676
/home/ygu2/kekechen_common/datasets/imagenet/imagenet/ILSVRC/Data/CLS-LOC/train/n01806143/n01806143_2043.JPEG,3.6330385208129883
/home/ygu2/kekechen_common/datasets/imagenet/imagenet/ILSVRC/Data/CLS-LOC/train/n01688243/n01688243_3845.JPEG,0.27453136444091797
/home/ygu2/kekechen_common/datasets/imagenet/imagenet/ILSVRC/Data/CLS-LOC/train/n01667114/n01667114_2198.JPEG,0.8301053047180176
/home/ygu2/kekechen_common/datasets/imagenet/imagenet/ILSVRC/Data/CLS-LOC/train/n01687978/n01687978_2181.JPEG,0.8039321899414062
/home/ygu2/kekechen_common/datasets/imagenet/imagenet/ILSVRC/Data/CLS-LOC/train/n01641577/n01641577_15007.JPEG,0.0967557430267334
/home/ygu2/kekechen_common/datasets/imagenet/imagenet/ILSVRC/Data/CLS-LOC/train/n01592084/n01592084_9095.JPEG,0.139182448387146
/home/ygu2/kekechen_common/datasets/imagenet/imagenet/ILSVRC/Data/CLS-LOC/train/n01695060/n01695060_22363.JPEG,0.11737501621246338
/home/ygu2/kekechen_common/datasets/imagenet/imagenet/ILSVRC/Data/CLS-LOC/train/n01630670/n01630670_105.JPEG,0.4057469367980957
/home/ygu2/kekechen_common/datasets/imagenet/imagenet/ILSVRC/Data/CLS-LOC/train/n01796340/n01796340_3577.JPEG,0.3622668981552124
/home/ygu2/kekechen_common/datasets/imagenet/imagenet/ILSVRC/Data/CLS-LOC/train/n01630670/n01630670_6799.JPEG,0.5010695457458496
/home/ygu2/kekechen_common/datasets/imagenet/imagenet/ILSVRC/Data/CLS-LOC/train/n01749939/n01749939_8849.JPEG,0.7455871105194092
/home/ygu2/kekechen_common/datasets/imagenet/imagenet/ILSVRC/Data/CLS-LOC/train/n01664065/n01664065_28420.JPEG,0.007274627685546875
/home/ygu2/kekechen_common/datasets/imagenet/imagenet/ILSVRC/Data/CLS-LOC/train/n01797886/n01797886_6393.JPEG,0.5085556507110596
/home/ygu2/kekechen_common/datasets/imagenet/imagenet/ILSVRC/Data/CLS-LOC/train/n01443537/n01443537_7228.JPEG,1.7358201742172241
/home/ygu2/kekechen_common/datasets/imagenet/imagenet/ILSVRC/Data/CLS-LOC/train/n01768244/n01768244_4478.JPEG,1.6092662811279297
/home/ygu2/kekechen_common/datasets/imagenet/imagenet/ILSVRC/Data/CLS-LOC/train/n01687978/n01687978_7006.JPEG,0.36009764671325684
/home/ygu2/kekechen_common/datasets/imagenet/imagenet/ILSVRC/Data/CLS-LOC/train/n01806567/n01806567_4953.JPEG,0.08098912239074707
/home/ygu2/kekechen_common/datasets/imagenet/imagenet/ILSVRC/Data/CLS-LOC/train/n01773797/n01773797_3149.JPEG,0.2678866386413574
/home/ygu2/kekechen_common/datasets/imagenet/imagenet/ILSVRC/Data/CLS-LOC/train/n01669191/n01669191_6293.JPEG,0.4523273706436157
/home/ygu2/kekechen_common/datasets/imagenet/imagenet/ILSVRC/Data/CLS-LOC/train/n01740131/n01740131_11375.JPEG,0.7488021850585938
/home/ygu2/kekechen_common/datasets/imagenet/imagenet/ILSVRC/Data/CLS-LOC/train/n01807496/n01807496_18189.JPEG,1.0815379619598389
/home/ygu2/kekechen_common/datasets/imagenet/imagenet/ILSVRC/Data/CLS-LOC/train/n01440764/n01440764_11281.JPEG,0.3746070861816406
/home/ygu2/kekechen_common/datasets/imagenet/imagenet/ILSVRC/Data/CLS-LOC/train/n01806567/n01806567_9176.JPEG,0.9768671989440918
/home/ygu2/kekechen_common/datasets/imagenet/imagenet/ILSVRC/Data/CLS-LOC/train/n01669191/n01669191_10835.JPEG,0.4969441890716553
/home/ygu2/kekechen_common/datasets/imagenet/imagenet/ILSVRC/Data/CLS-LOC/train/n01537544/n01537544_1286.JPEG,4.076559066772461
/home/ygu2/kekechen_common/datasets/imagenet/imagenet/ILSVRC/Data/CLS-LOC/train/n01667114/n01667114_14938.JPEG,0.1257305145263672
/home/ygu2/kekechen_common/datasets/imagenet/imagenet/ILSVRC/Data/CLS-LOC/train/n01616318/n01616318_9086.JPEG,0.6096432209014893
/home/ygu2/kekechen_common/datasets/imagenet/imagenet/ILSVRC/Data/CLS-LOC/train/n01806143/n01806143_9321.JPEG,2.867025136947632
/home/ygu2/kekechen_common/datasets/imagenet/imagenet/ILSVRC/Data/CLS-LOC/train/n01580077/n01580077_2517.JPEG,0.979617714881897
/home/ygu2/kekechen_common/datasets/imagenet/imagenet/ILSVRC/Data/CLS-LOC/train/n01748264/n01748264_2802.JPEG,0.14804363250732422
/home/ygu2/kekechen_common/datasets/imagenet/imagenet/ILSVRC/Data/CLS-LOC/train/n01728920/n01728920_6648.JPEG,0.9191534519195557
/home/ygu2/kekechen_common/datasets/imagenet/imagenet/ILSVRC/Data/CLS-LOC/train/n01667778/n01667778_6039.JPEG,0.6672638654708862
/home/ygu2/kekechen_common/datasets/imagenet/imagenet/ILSVRC/Data/CLS-LOC/train/n01518878/n01518878_4323.JPEG,0.9571624994277954
/home/ygu2/kekechen_common/datasets/imagenet/imagenet/ILSVRC/Data/CLS-LOC/train/n01774750/n01774750_3009.JPEG,0.8236918449401855
/home/ygu2/kekechen_common/datasets/imagenet/imagenet/ILSVRC/Data/CLS-LOC/train/n01796340/n01796340_4856.JPEG,1.015183925628662
/home/ygu2/kekechen_common/datasets/imagenet/imagenet/ILSVRC/Data/CLS-LOC/train/n01664065/n01664065_2990.JPEG,0.13190627098083496
/home/ygu2/kekechen_common/datasets/imagenet/imagenet/ILSVRC/Data/CLS-LOC/train/n01768244/n01768244_4922.JPEG,0.5415493249893188
/home/ygu2/kekechen_common/datasets/imagenet/imagenet/ILSVRC/Data/CLS-LOC/train/n01776313/n01776313_25698.JPEG,0.15787458419799805
/home/ygu2/kekechen_common/datasets/imagenet/imagenet/ILSVRC/Data/CLS-LOC/train/n01776313/n01776313_10503.JPEG,0.36736810207366943
/home/ygu2/kekechen_common/datasets/imagenet/imagenet/ILSVRC/Data/CLS-LOC/train/n01692333/n01692333_7606.JPEG,0.16409778594970703
/home/ygu2/kekechen_common/datasets/imagenet/imagenet/ILSVRC/Data/CLS-LOC/train/n01616318/n01616318_5545.JPEG,1.226858377456665
/home/ygu2/kekechen_common/datasets/imagenet/imagenet/ILSVRC/Data/CLS-LOC/train/n01491361/n01491361_8007.JPEG,0.32199954986572266
/home/ygu2/kekechen_common/datasets/imagenet/imagenet/ILSVRC/Data/CLS-LOC/train/n01806143/n01806143_4219.JPEG,0.18645167350769043
/home/ygu2/kekechen_common/datasets/imagenet/imagenet/ILSVRC/Data/CLS-LOC/train/n01616318/n01616318_9122.JPEG,0.20511722564697266
/home/ygu2/kekechen_common/datasets/imagenet/imagenet/ILSVRC/Data/CLS-LOC/train/n01514859/n01514859_26075.JPEG,0.6788851022720337
/home/ygu2/kekechen_common/datasets/imagenet/imagenet/ILSVRC/Data/CLS-LOC/train/n01807496/n01807496_4784.JPEG,0.8841779232025146
/home/ygu2/kekechen_common/datasets/imagenet/imagenet/ILSVRC/Data/CLS-LOC/train/n01667114/n01667114_4983.JPEG,1.2052605152130127
/home/ygu2/kekechen_common/datasets/imagenet/imagenet/ILSVRC/Data/CLS-LOC/train/n01641577/n01641577_10470.JPEG,0.28071480989456177
/home/ygu2/kekechen_common/datasets/imagenet/imagenet/ILSVRC/Data/CLS-LOC/train/n01484850/n01484850_745.JPEG,0.17921113967895508
/home/ygu2/kekechen_common/datasets/imagenet/imagenet/ILSVRC/Data/CLS-LOC/train/n01734418/n01734418_6163.JPEG,0.427396297454834
/home/ygu2/kekechen_common/datasets/imagenet/imagenet/ILSVRC/Data/CLS-LOC/train/n01692333/n01692333_9952.JPEG,0.9805794954299927
/home/ygu2/kekechen_common/datasets/imagenet/imagenet/ILSVRC/Data/CLS-LOC/train/n01632458/n01632458_718.JPEG,0.10955667495727539
/home/ygu2/kekechen_common/datasets/imagenet/imagenet/ILSVRC/Data/CLS-LOC/train/n01693334/n01693334_1856.JPEG,0.5513856410980225
/home/ygu2/kekechen_common/datasets/imagenet/imagenet/ILSVRC/Data/CLS-LOC/train/n01494475/n01494475_3876.JPEG,0.10137510299682617
/home/ygu2/kekechen_common/datasets/imagenet/imagenet/ILSVRC/Data/CLS-LOC/train/n01735189/n01735189_7728.JPEG,0.7341220378875732
/home/ygu2/kekechen_common/datasets/imagenet/imagenet/ILSVRC/Data/CLS-LOC/train/n01735189/n01735189_15928.JPEG,0.02353501319885254
/home/ygu2/kekechen_common/datasets/imagenet/imagenet/ILSVRC/Data/CLS-LOC/train/n01580077/n01580077_28054.JPEG,0.7016575336456299
/home/ygu2/kekechen_common/datasets/imagenet/imagenet/ILSVRC/Data/CLS-LOC/train/n01694178/n01694178_6967.JPEG,0.2917391061782837
/home/ygu2/kekechen_common/datasets/imagenet/imagenet/ILSVRC/Data/CLS-LOC/train/n01698640/n01698640_560.JPEG,1.3982315063476562
/home/ygu2/kekechen_common/datasets/imagenet/imagenet/ILSVRC/Data/CLS-LOC/train/n01667114/n01667114_14079.JPEG,0.3081045150756836
/home/ygu2/kekechen_common/datasets/imagenet/imagenet/ILSVRC/Data/CLS-LOC/train/n01773157/n01773157_10291.JPEG,0.5327653884887695
/home/ygu2/kekechen_common/datasets/imagenet/imagenet/ILSVRC/Data/CLS-LOC/train/n01498041/n01498041_9128.JPEG,0.28230607509613037
/home/ygu2/kekechen_common/datasets/imagenet/imagenet/ILSVRC/Data/CLS-LOC/train/n01784675/n01784675_4836.JPEG,0.29708337783813477
/home/ygu2/kekechen_common/datasets/imagenet/imagenet/ILSVRC/Data/CLS-LOC/train/n01592084/n01592084_6504.JPEG,0.6904501914978027
/home/ygu2/kekechen_common/datasets/imagenet/imagenet/ILSVRC/Data/CLS-LOC/train/n01560419/n01560419_3722.JPEG,0.5150799751281738
/home/ygu2/kekechen_common/datasets/imagenet/imagenet/ILSVRC/Data/CLS-LOC/train/n01729322/n01729322_19732.JPEG,2.222517967224121
/home/ygu2/kekechen_common/datasets/imagenet/imagenet/ILSVRC/Data/CLS-LOC/train/n01494475/n01494475_2423.JPEG,0.47305798530578613
/home/ygu2/kekechen_common/datasets/imagenet/imagenet/ILSVRC/Data/CLS-LOC/train/n01776313/n01776313_6444.JPEG,0.682697057723999
/home/ygu2/kekechen_common/datasets/imagenet/imagenet/ILSVRC/Data/CLS-LOC/train/n01773157/n01773157_3166.JPEG,0.6463618278503418
/home/ygu2/kekechen_common/datasets/imagenet/imagenet/ILSVRC/Data/CLS-LOC/train/n01682714/n01682714_7882.JPEG,0.567807674407959
/home/ygu2/kekechen_common/datasets/imagenet/imagenet/ILSVRC/Data/CLS-LOC/train/n01630670/n01630670_5669.JPEG,1.0075244903564453
/home/ygu2/kekechen_common/datasets/imagenet/imagenet/ILSVRC/Data/CLS-LOC/train/n01682714/n01682714_1353.JPEG,0.8140175342559814
/home/ygu2/kekechen_common/datasets/imagenet/imagenet/ILSVRC/Data/CLS-LOC/train/n01580077/n01580077_4260.JPEG,0.09456324577331543
/home/ygu2/kekechen_common/datasets/imagenet/imagenet/ILSVRC/Data/CLS-LOC/train/n01669191/n01669191_7614.JPEG,0.23072052001953125
/home/ygu2/kekechen_common/datasets/imagenet/imagenet/ILSVRC/Data/CLS-LOC/train/n01629819/n01629819_4890.JPEG,0.34626543521881104
/home/ygu2/kekechen_common/datasets/imagenet/imagenet/ILSVRC/Data/CLS-LOC/train/n01773797/n01773797_3289.JPEG,0.38457751274108887
/home/ygu2/kekechen_common/datasets/imagenet/imagenet/ILSVRC/Data/CLS-LOC/train/n01734418/n01734418_10563.JPEG,0.04061317443847656
/home/ygu2/kekechen_common/datasets/imagenet/imagenet/ILSVRC/Data/CLS-LOC/train/n01641577/n01641577_8663.JPEG,0.9661020636558533
/home/ygu2/kekechen_common/datasets/imagenet/imagenet/ILSVRC/Data/CLS-LOC/train/n01737021/n01737021_7926.JPEG,0.30634212493896484
/home/ygu2/kekechen_common/datasets/imagenet/imagenet/ILSVRC/Data/CLS-LOC/train/n01582220/n01582220_8034.JPEG,1.187483549118042
/home/ygu2/kekechen_common/datasets/imagenet/imagenet/ILSVRC/Data/CLS-LOC/train/n01630670/n01630670_736.JPEG,0.8388447761535645
/home/ygu2/kekechen_common/datasets/imagenet/imagenet/ILSVRC/Data/CLS-LOC/train/n01582220/n01582220_415.JPEG,0.36095309257507324
/home/ygu2/kekechen_common/datasets/imagenet/imagenet/ILSVRC/Data/CLS-LOC/train/n01644373/n01644373_5005.JPEG,1.3976514339447021
/home/ygu2/kekechen_common/datasets/imagenet/imagenet/ILSVRC/Data/CLS-LOC/train/n01749939/n01749939_9300.JPEG,0.9219415187835693
/home/ygu2/kekechen_common/datasets/imagenet/imagenet/ILSVRC/Data/CLS-LOC/train/n01735189/n01735189_11488.JPEG,1.0241365432739258
/home/ygu2/kekechen_common/datasets/imagenet/imagenet/ILSVRC/Data/CLS-LOC/train/n01693334/n01693334_10001.JPEG,0.5835623741149902
/home/ygu2/kekechen_common/datasets/imagenet/imagenet/ILSVRC/Data/CLS-LOC/train/n01664065/n01664065_30137.JPEG,0.3758584260940552
/home/ygu2/kekechen_common/datasets/imagenet/imagenet/ILSVRC/Data/CLS-LOC/train/n01560419/n01560419_7817.JPEG,0.3251175880432129
/home/ygu2/kekechen_common/datasets/imagenet/imagenet/ILSVRC/Data/CLS-LOC/train/n01796340/n01796340_10805.JPEG,0.7485079169273376
/home/ygu2/kekechen_common/datasets/imagenet/imagenet/ILSVRC/Data/CLS-LOC/train/n01630670/n01630670_5783.JPEG,0.3100717067718506
/home/ygu2/kekechen_common/datasets/imagenet/imagenet/ILSVRC/Data/CLS-LOC/train/n01689811/n01689811_6524.JPEG,0.22127854824066162
/home/ygu2/kekechen_common/datasets/imagenet/imagenet/ILSVRC/Data/CLS-LOC/train/n01689811/n01689811_2956.JPEG,0.4012339115142822
/home/ygu2/kekechen_common/datasets/imagenet/imagenet/ILSVRC/Data/CLS-LOC/train/n01664065/n01664065_14975.JPEG,0.997838020324707
/home/ygu2/kekechen_common/datasets/imagenet/imagenet/ILSVRC/Data/CLS-LOC/train/n01729322/n01729322_18996.JPEG,0.4049907922744751
/home/ygu2/kekechen_common/datasets/imagenet/imagenet/ILSVRC/Data/CLS-LOC/train/n01748264/n01748264_19240.JPEG,0.29904723167419434
/home/ygu2/kekechen_common/datasets/imagenet/imagenet/ILSVRC/Data/CLS-LOC/train/n01496331/n01496331_26473.JPEG,0.29697084426879883
/home/ygu2/kekechen_common/datasets/imagenet/imagenet/ILSVRC/Data/CLS-LOC/train/n01632777/n01632777_24115.JPEG,1.0046892166137695
/home/ygu2/kekechen_common/datasets/imagenet/imagenet/ILSVRC/Data/CLS-LOC/train/n01685808/n01685808_6949.JPEG,0.24552035331726074
/home/ygu2/kekechen_common/datasets/imagenet/imagenet/ILSVRC/Data/CLS-LOC/train/n01682714/n01682714_1921.JPEG,0.08268880844116211
/home/ygu2/kekechen_common/datasets/imagenet/imagenet/ILSVRC/Data/CLS-LOC/train/n01644373/n01644373_9061.JPEG,0.0646677017211914
/home/ygu2/kekechen_common/datasets/imagenet/imagenet/ILSVRC/Data/CLS-LOC/train/n01740131/n01740131_10095.JPEG,0.9145406484603882
/home/ygu2/kekechen_common/datasets/imagenet/imagenet/ILSVRC/Data/CLS-LOC/train/n01768244/n01768244_7168.JPEG,0.3758113384246826
/home/ygu2/kekechen_common/datasets/imagenet/imagenet/ILSVRC/Data/CLS-LOC/train/n01484850/n01484850_18880.JPEG,0.11121177673339844
/home/ygu2/kekechen_common/datasets/imagenet/imagenet/ILSVRC/Data/CLS-LOC/train/n01677366/n01677366_8604.JPEG,0.13927984237670898
/home/ygu2/kekechen_common/datasets/imagenet/imagenet/ILSVRC/Data/CLS-LOC/train/n01644900/n01644900_5828.JPEG,0.10513424873352051
/home/ygu2/kekechen_common/datasets/imagenet/imagenet/ILSVRC/Data/CLS-LOC/train/n01806143/n01806143_12066.JPEG,1.3270732164382935
/home/ygu2/kekechen_common/datasets/imagenet/imagenet/ILSVRC/Data/CLS-LOC/train/n01797886/n01797886_27258.JPEG,0.030933141708374023
/home/ygu2/kekechen_common/datasets/imagenet/imagenet/ILSVRC/Data/CLS-LOC/train/n01558993/n01558993_6593.JPEG,0.14882445335388184
/home/ygu2/kekechen_common/datasets/imagenet/imagenet/ILSVRC/Data/CLS-LOC/train/n01735189/n01735189_21253.JPEG,0.45883846282958984
/home/ygu2/kekechen_common/datasets/imagenet/imagenet/ILSVRC/Data/CLS-LOC/train/n01728920/n01728920_20790.JPEG,1.9476511478424072
/home/ygu2/kekechen_common/datasets/imagenet/imagenet/ILSVRC/Data/CLS-LOC/train/n01667778/n01667778_464.JPEG,0.44912803173065186
/home/ygu2/kekechen_common/datasets/imagenet/imagenet/ILSVRC/Data/CLS-LOC/train/n01440764/n01440764_22873.JPEG,0.6776677370071411
/home/ygu2/kekechen_common/datasets/imagenet/imagenet/ILSVRC/Data/CLS-LOC/train/n01807496/n01807496_21448.JPEG,1.1144407987594604
/home/ygu2/kekechen_common/datasets/imagenet/imagenet/ILSVRC/Data/CLS-LOC/train/n01774384/n01774384_5589.JPEG,0.4986112117767334
/home/ygu2/kekechen_common/datasets/imagenet/imagenet/ILSVRC/Data/CLS-LOC/train/n01629819/n01629819_19483.JPEG,0.8230798244476318
/home/ygu2/kekechen_common/datasets/imagenet/imagenet/ILSVRC/Data/CLS-LOC/train/n01531178/n01531178_14398.JPEG,2.324495792388916
/home/ygu2/kekechen_common/datasets/imagenet/imagenet/ILSVRC/Data/CLS-LOC/train/n01695060/n01695060_19300.JPEG,0.5873622894287109
/home/ygu2/kekechen_common/datasets/imagenet/imagenet/ILSVRC/Data/CLS-LOC/train/n01641577/n01641577_1623.JPEG,0.7834218740463257
/home/ygu2/kekechen_common/datasets/imagenet/imagenet/ILSVRC/Data/CLS-LOC/train/n01644373/n01644373_8987.JPEG,2.085820198059082
/home/ygu2/kekechen_common/datasets/imagenet/imagenet/ILSVRC/Data/CLS-LOC/train/n01632458/n01632458_5436.JPEG,0.08996748924255371
/home/ygu2/kekechen_common/datasets/imagenet/imagenet/ILSVRC/Data/CLS-LOC/train/n01744401/n01744401_7271.JPEG,0.6718266010284424
/home/ygu2/kekechen_common/datasets/imagenet/imagenet/ILSVRC/Data/CLS-LOC/train/n01728572/n01728572_6850.JPEG,0.40472543239593506
/home/ygu2/kekechen_common/datasets/imagenet/imagenet/ILSVRC/Data/CLS-LOC/train/n01632777/n01632777_14369.JPEG,0.18594032526016235
/home/ygu2/kekechen_common/datasets/imagenet/imagenet/ILSVRC/Data/CLS-LOC/train/n01614925/n01614925_1410.JPEG,1.2347207069396973
/home/ygu2/kekechen_common/datasets/imagenet/imagenet/ILSVRC/Data/CLS-LOC/train/n01537544/n01537544_1473.JPEG,0.07932567596435547
/home/ygu2/kekechen_common/datasets/imagenet/imagenet/ILSVRC/Data/CLS-LOC/train/n01756291/n01756291_1726.JPEG,0.8771686553955078
/home/ygu2/kekechen_common/datasets/imagenet/imagenet/ILSVRC/Data/CLS-LOC/train/n01601694/n01601694_22762.JPEG,0.03253304958343506
/home/ygu2/kekechen_common/datasets/imagenet/imagenet/ILSVRC/Data/CLS-LOC/train/n01443537/n01443537_3108.JPEG,0.5153417587280273
/home/ygu2/kekechen_common/datasets/imagenet/imagenet/ILSVRC/Data/CLS-LOC/train/n01693334/n01693334_6885.JPEG,0.27390289306640625
/home/ygu2/kekechen_common/datasets/imagenet/imagenet/ILSVRC/Data/CLS-LOC/train/n01531178/n01531178_19945.JPEG,0.35154175758361816
/home/ygu2/kekechen_common/datasets/imagenet/imagenet/ILSVRC/Data/CLS-LOC/train/n01641577/n01641577_3754.JPEG,0.36070990562438965
/home/ygu2/kekechen_common/datasets/imagenet/imagenet/ILSVRC/Data/CLS-LOC/train/n01632458/n01632458_203.JPEG,0.9204108715057373
/home/ygu2/kekechen_common/datasets/imagenet/imagenet/ILSVRC/Data/CLS-LOC/train/n01817953/n01817953_8820.JPEG,0.11031389236450195
/home/ygu2/kekechen_common/datasets/imagenet/imagenet/ILSVRC/Data/CLS-LOC/train/n01689811/n01689811_2322.JPEG,0.3370426893234253
/home/ygu2/kekechen_common/datasets/imagenet/imagenet/ILSVRC/Data/CLS-LOC/train/n01644900/n01644900_9229.JPEG,0.22253775596618652
/home/ygu2/kekechen_common/datasets/imagenet/imagenet/ILSVRC/Data/CLS-LOC/train/n01770393/n01770393_9666.JPEG,0.04951286315917969
/home/ygu2/kekechen_common/datasets/imagenet/imagenet/ILSVRC/Data/CLS-LOC/train/n01734418/n01734418_7830.JPEG,0.9277446269989014
/home/ygu2/kekechen_common/datasets/imagenet/imagenet/ILSVRC/Data/CLS-LOC/train/n01728572/n01728572_8823.JPEG,0.9981677532196045
/home/ygu2/kekechen_common/datasets/imagenet/imagenet/ILSVRC/Data/CLS-LOC/train/n01770393/n01770393_5802.JPEG,0.2451324462890625
/home/ygu2/kekechen_common/datasets/imagenet/imagenet/ILSVRC/Data/CLS-LOC/train/n01740131/n01740131_10559.JPEG,0.6187326908111572
/home/ygu2/kekechen_common/datasets/imagenet/imagenet/ILSVRC/Data/CLS-LOC/train/n01728920/n01728920_3855.JPEG,1.0501078367233276
/home/ygu2/kekechen_common/datasets/imagenet/imagenet/ILSVRC/Data/CLS-LOC/train/n01773157/n01773157_3931.JPEG,1.731154203414917
/home/ygu2/kekechen_common/datasets/imagenet/imagenet/ILSVRC/Data/CLS-LOC/train/n01689811/n01689811_13213.JPEG,0.8354748487472534
/home/ygu2/kekechen_common/datasets/imagenet/imagenet/ILSVRC/Data/CLS-LOC/train/n01751748/n01751748_7078.JPEG,0.0406496524810791
/home/ygu2/kekechen_common/datasets/imagenet/imagenet/ILSVRC/Data/CLS-LOC/train/n01689811/n01689811_12951.JPEG,0.5989654064178467
/home/ygu2/kekechen_common/datasets/imagenet/imagenet/ILSVRC/Data/CLS-LOC/train/n01601694/n01601694_881.JPEG,0.24010539054870605
/home/ygu2/kekechen_common/datasets/imagenet/imagenet/ILSVRC/Data/CLS-LOC/train/n01770393/n01770393_2828.JPEG,0.1187887191772461
/home/ygu2/kekechen_common/datasets/imagenet/imagenet/ILSVRC/Data/CLS-LOC/train/n01498041/n01498041_11083.JPEG,0.10481393337249756
/home/ygu2/kekechen_common/datasets/imagenet/imagenet/ILSVRC/Data/CLS-LOC/train/n01798484/n01798484_10706.JPEG,0.8868274688720703
/home/ygu2/kekechen_common/datasets/imagenet/imagenet/ILSVRC/Data/CLS-LOC/train/n01632777/n01632777_14808.JPEG,1.5964758396148682
/home/ygu2/kekechen_common/datasets/imagenet/imagenet/ILSVRC/Data/CLS-LOC/train/n01534433/n01534433_599.JPEG,0.3807016611099243
/home/ygu2/kekechen_common/datasets/imagenet/imagenet/ILSVRC/Data/CLS-LOC/train/n01773797/n01773797_3086.JPEG,0.5265560150146484
/home/ygu2/kekechen_common/datasets/imagenet/imagenet/ILSVRC/Data/CLS-LOC/train/n01704323/n01704323_5449.JPEG,1.3277812004089355
/home/ygu2/kekechen_common/datasets/imagenet/imagenet/ILSVRC/Data/CLS-LOC/train/n01537544/n01537544_6668.JPEG,0.2837560176849365
/home/ygu2/kekechen_common/datasets/imagenet/imagenet/ILSVRC/Data/CLS-LOC/train/n01514668/n01514668_4873.JPEG,0.3580152988433838
/home/ygu2/kekechen_common/datasets/imagenet/imagenet/ILSVRC/Data/CLS-LOC/train/n01774384/n01774384_3112.JPEG,0.08609819412231445
/home/ygu2/kekechen_common/datasets/imagenet/imagenet/ILSVRC/Data/CLS-LOC/train/n01751748/n01751748_4324.JPEG,0.7720248699188232
/home/ygu2/kekechen_common/datasets/imagenet/imagenet/ILSVRC/Data/CLS-LOC/train/n01514668/n01514668_20356.JPEG,0.22132086753845215
/home/ygu2/kekechen_common/datasets/imagenet/imagenet/ILSVRC/Data/CLS-LOC/train/n01601694/n01601694_1857.JPEG,0.24809926748275757
/home/ygu2/kekechen_common/datasets/imagenet/imagenet/ILSVRC/Data/CLS-LOC/train/n01592084/n01592084_2674.JPEG,0.2942197322845459
/home/ygu2/kekechen_common/datasets/imagenet/imagenet/ILSVRC/Data/CLS-LOC/train/n01737021/n01737021_976.JPEG,0.2257695198059082
/home/ygu2/kekechen_common/datasets/imagenet/imagenet/ILSVRC/Data/CLS-LOC/train/n01592084/n01592084_26538.JPEG,0.6733235120773315
/home/ygu2/kekechen_common/datasets/imagenet/imagenet/ILSVRC/Data/CLS-LOC/train/n01685808/n01685808_6224.JPEG,3.563321590423584
/home/ygu2/kekechen_common/datasets/imagenet/imagenet/ILSVRC/Data/CLS-LOC/train/n01582220/n01582220_565.JPEG,1.1626261472702026
/home/ygu2/kekechen_common/datasets/imagenet/imagenet/ILSVRC/Data/CLS-LOC/train/n01614925/n01614925_2980.JPEG,0.04804277420043945
/home/ygu2/kekechen_common/datasets/imagenet/imagenet/ILSVRC/Data/CLS-LOC/train/n01729977/n01729977_2245.JPEG,0.4308410882949829
/home/ygu2/kekechen_common/datasets/imagenet/imagenet/ILSVRC/Data/CLS-LOC/train/n01704323/n01704323_1197.JPEG,0.44980931282043457
/home/ygu2/kekechen_common/datasets/imagenet/imagenet/ILSVRC/Data/CLS-LOC/train/n01534433/n01534433_4524.JPEG,0.2374194860458374
/home/ygu2/kekechen_common/datasets/imagenet/imagenet/ILSVRC/Data/CLS-LOC/train/n01773549/n01773549_1488.JPEG,0.3821556568145752
/home/ygu2/kekechen_common/datasets/imagenet/imagenet/ILSVRC/Data/CLS-LOC/train/n01740131/n01740131_14455.JPEG,1.2330541610717773
/home/ygu2/kekechen_common/datasets/imagenet/imagenet/ILSVRC/Data/CLS-LOC/train/n01667778/n01667778_914.JPEG,0.5279562473297119
/home/ygu2/kekechen_common/datasets/imagenet/imagenet/ILSVRC/Data/CLS-LOC/train/n01735189/n01735189_22695.JPEG,0.5205926895141602
/home/ygu2/kekechen_common/datasets/imagenet/imagenet/ILSVRC/Data/CLS-LOC/train/n01737021/n01737021_1112.JPEG,0.03244972229003906
/home/ygu2/kekechen_common/datasets/imagenet/imagenet/ILSVRC/Data/CLS-LOC/train/n01491361/n01491361_12453.JPEG,0.40363287925720215
/home/ygu2/kekechen_common/datasets/imagenet/imagenet/ILSVRC/Data/CLS-LOC/train/n01749939/n01749939_6616.JPEG,1.683385968208313
/home/ygu2/kekechen_common/datasets/imagenet/imagenet/ILSVRC/Data/CLS-LOC/train/n01737021/n01737021_14152.JPEG,0.8498926162719727
/home/ygu2/kekechen_common/datasets/imagenet/imagenet/ILSVRC/Data/CLS-LOC/train/n01751748/n01751748_6028.JPEG,0.12319290637969971
/home/ygu2/kekechen_common/datasets/imagenet/imagenet/ILSVRC/Data/CLS-LOC/train/n01729977/n01729977_1020.JPEG,0.6139249801635742
/home/ygu2/kekechen_common/datasets/imagenet/imagenet/ILSVRC/Data/CLS-LOC/train/n01773549/n01773549_1976.JPEG,0.8021945953369141
/home/ygu2/kekechen_common/datasets/imagenet/imagenet/ILSVRC/Data/CLS-LOC/train/n01773157/n01773157_1610.JPEG,0.0661764144897461
/home/ygu2/kekechen_common/datasets/imagenet/imagenet/ILSVRC/Data/CLS-LOC/train/n01644373/n01644373_10002.JPEG,0.37614190578460693
/home/ygu2/kekechen_common/datasets/imagenet/imagenet/ILSVRC/Data/CLS-LOC/train/n01770081/n01770081_2687.JPEG,0.7763230800628662
/home/ygu2/kekechen_common/datasets/imagenet/imagenet/ILSVRC/Data/CLS-LOC/train/n01729322/n01729322_1808.JPEG,0.07538247108459473
/home/ygu2/kekechen_common/datasets/imagenet/imagenet/ILSVRC/Data/CLS-LOC/train/n01560419/n01560419_2754.JPEG,0.012362003326416016
/home/ygu2/kekechen_common/datasets/imagenet/imagenet/ILSVRC/Data/CLS-LOC/train/n01685808/n01685808_1314.JPEG,0.4889183044433594
/home/ygu2/kekechen_common/datasets/imagenet/imagenet/ILSVRC/Data/CLS-LOC/train/n01498041/n01498041_6544.JPEG,0.001842498779296875
/home/ygu2/kekechen_common/datasets/imagenet/imagenet/ILSVRC/Data/CLS-LOC/train/n01797886/n01797886_8888.JPEG,0.01942300796508789
/home/ygu2/kekechen_common/datasets/imagenet/imagenet/ILSVRC/Data/CLS-LOC/train/n01498041/n01498041_7022.JPEG,0.21464991569519043
/home/ygu2/kekechen_common/datasets/imagenet/imagenet/ILSVRC/Data/CLS-LOC/train/n01631663/n01631663_4746.JPEG,0.5661077499389648
/home/ygu2/kekechen_common/datasets/imagenet/imagenet/ILSVRC/Data/CLS-LOC/train/n01631663/n01631663_7570.JPEG,6.378298282623291
/home/ygu2/kekechen_common/datasets/imagenet/imagenet/ILSVRC/Data/CLS-LOC/train/n01740131/n01740131_10986.JPEG,1.3846524953842163
/home/ygu2/kekechen_common/datasets/imagenet/imagenet/ILSVRC/Data/CLS-LOC/train/n01629819/n01629819_9150.JPEG,0.3021029233932495
/home/ygu2/kekechen_common/datasets/imagenet/imagenet/ILSVRC/Data/CLS-LOC/train/n01797886/n01797886_39.JPEG,1.0312504768371582
/home/ygu2/kekechen_common/datasets/imagenet/imagenet/ILSVRC/Data/CLS-LOC/train/n01753488/n01753488_10947.JPEG,0.7789530754089355
/home/ygu2/kekechen_common/datasets/imagenet/imagenet/ILSVRC/Data/CLS-LOC/train/n01608432/n01608432_2617.JPEG,0.2930576801300049
/home/ygu2/kekechen_common/datasets/imagenet/imagenet/ILSVRC/Data/CLS-LOC/train/n01694178/n01694178_141.JPEG,0.3543567657470703
/home/ygu2/kekechen_common/datasets/imagenet/imagenet/ILSVRC/Data/CLS-LOC/train/n01558993/n01558993_11821.JPEG,1.3071117401123047
/home/ygu2/kekechen_common/datasets/imagenet/imagenet/ILSVRC/Data/CLS-LOC/train/n01531178/n01531178_19021.JPEG,0.8443193435668945
/home/ygu2/kekechen_common/datasets/imagenet/imagenet/ILSVRC/Data/CLS-LOC/train/n01608432/n01608432_33698.JPEG,0.36758697032928467
/home/ygu2/kekechen_common/datasets/imagenet/imagenet/ILSVRC/Data/CLS-LOC/train/n01667114/n01667114_16171.JPEG,1.2640235424041748
/home/ygu2/kekechen_common/datasets/imagenet/imagenet/ILSVRC/Data/CLS-LOC/train/n01806567/n01806567_2496.JPEG,2.041015625
/home/ygu2/kekechen_common/datasets/imagenet/imagenet/ILSVRC/Data/CLS-LOC/train/n01664065/n01664065_31648.JPEG,0.16954326629638672
/home/ygu2/kekechen_common/datasets/imagenet/imagenet/ILSVRC/Data/CLS-LOC/train/n01806143/n01806143_582.JPEG,0.10801839828491211
/home/ygu2/kekechen_common/datasets/imagenet/imagenet/ILSVRC/Data/CLS-LOC/train/n01756291/n01756291_5063.JPEG,1.0510419607162476
/home/ygu2/kekechen_common/datasets/imagenet/imagenet/ILSVRC/Data/CLS-LOC/train/n01498041/n01498041_3676.JPEG,0.21724474430084229
/home/ygu2/kekechen_common/datasets/imagenet/imagenet/ILSVRC/Data/CLS-LOC/train/n01532829/n01532829_5443.JPEG,0.5872368812561035
/home/ygu2/kekechen_common/datasets/imagenet/imagenet/ILSVRC/Data/CLS-LOC/train/n01491361/n01491361_8398.JPEG,0.03589010238647461
/home/ygu2/kekechen_common/datasets/imagenet/imagenet/ILSVRC/Data/CLS-LOC/train/n01560419/n01560419_16085.JPEG,0.0840444564819336
/home/ygu2/kekechen_common/datasets/imagenet/imagenet/ILSVRC/Data/CLS-LOC/train/n01798484/n01798484_24111.JPEG,0.26642608642578125
/home/ygu2/kekechen_common/datasets/imagenet/imagenet/ILSVRC/Data/CLS-LOC/train/n01440764/n01440764_16090.JPEG,1.7218401432037354
/home/ygu2/kekechen_common/datasets/imagenet/imagenet/ILSVRC/Data/CLS-LOC/train/n01631663/n01631663_5191.JPEG,1.0114922523498535
/home/ygu2/kekechen_common/datasets/imagenet/imagenet/ILSVRC/Data/CLS-LOC/train/n01796340/n01796340_3658.JPEG,0.34619736671447754
/home/ygu2/kekechen_common/datasets/imagenet/imagenet/ILSVRC/Data/CLS-LOC/train/n01629819/n01629819_3216.JPEG,1.6830506324768066
/home/ygu2/kekechen_common/datasets/imagenet/imagenet/ILSVRC/Data/CLS-LOC/train/n01601694/n01601694_5481.JPEG,0.5630803108215332
/home/ygu2/kekechen_common/datasets/imagenet/imagenet/ILSVRC/Data/CLS-LOC/train/n01631663/n01631663_7971.JPEG,2.146000385284424
/home/ygu2/kekechen_common/datasets/imagenet/imagenet/ILSVRC/Data/CLS-LOC/train/n01698640/n01698640_6620.JPEG,0.43996143341064453
/home/ygu2/kekechen_common/datasets/imagenet/imagenet/ILSVRC/Data/CLS-LOC/train/n01742172/n01742172_8109.JPEG,0.7414515018463135
/home/ygu2/kekechen_common/datasets/imagenet/imagenet/ILSVRC/Data/CLS-LOC/train/n01734418/n01734418_7575.JPEG,0.21559453010559082
/home/ygu2/kekechen_common/datasets/imagenet/imagenet/ILSVRC/Data/CLS-LOC/train/n01689811/n01689811_7951.JPEG,0.15861034393310547
/home/ygu2/kekechen_common/datasets/imagenet/imagenet/ILSVRC/Data/CLS-LOC/train/n01744401/n01744401_38550.JPEG,1.36409330368042
/home/ygu2/kekechen_common/datasets/imagenet/imagenet/ILSVRC/Data/CLS-LOC/train/n01630670/n01630670_1022.JPEG,0.8977469205856323
/home/ygu2/kekechen_common/datasets/imagenet/imagenet/ILSVRC/Data/CLS-LOC/train/n01580077/n01580077_13226.JPEG,1.697793960571289
/home/ygu2/kekechen_common/datasets/imagenet/imagenet/ILSVRC/Data/CLS-LOC/train/n01592084/n01592084_7816.JPEG,0.5021162033081055
/home/ygu2/kekechen_common/datasets/imagenet/imagenet/ILSVRC/Data/CLS-LOC/train/n01601694/n01601694_15131.JPEG,0.21272099018096924
/home/ygu2/kekechen_common/datasets/imagenet/imagenet/ILSVRC/Data/CLS-LOC/train/n01632777/n01632777_3370.JPEG,0.19149839878082275
/home/ygu2/kekechen_common/datasets/imagenet/imagenet/ILSVRC/Data/CLS-LOC/train/n01644373/n01644373_5137.JPEG,2.129948854446411
/home/ygu2/kekechen_common/datasets/imagenet/imagenet/ILSVRC/Data/CLS-LOC/train/n01728920/n01728920_3210.JPEG,0.5421885251998901
/home/ygu2/kekechen_common/datasets/imagenet/imagenet/ILSVRC/Data/CLS-LOC/train/n01641577/n01641577_11695.JPEG,0.32239842414855957
/home/ygu2/kekechen_common/datasets/imagenet/imagenet/ILSVRC/Data/CLS-LOC/train/n01558993/n01558993_4025.JPEG,0.9504120349884033
/home/ygu2/kekechen_common/datasets/imagenet/imagenet/ILSVRC/Data/CLS-LOC/train/n01484850/n01484850_17403.JPEG,0.03942370414733887
/home/ygu2/kekechen_common/datasets/imagenet/imagenet/ILSVRC/Data/CLS-LOC/train/n01796340/n01796340_3601.JPEG,0.12685072422027588
/home/ygu2/kekechen_common/datasets/imagenet/imagenet/ILSVRC/Data/CLS-LOC/train/n01689811/n01689811_5101.JPEG,0.1857001781463623
/home/ygu2/kekechen_common/datasets/imagenet/imagenet/ILSVRC/Data/CLS-LOC/train/n01768244/n01768244_1662.JPEG,0.3447607755661011
/home/ygu2/kekechen_common/datasets/imagenet/imagenet/ILSVRC/Data/CLS-LOC/train/n01806143/n01806143_4285.JPEG,1.9949969053268433
/home/ygu2/kekechen_common/datasets/imagenet/imagenet/ILSVRC/Data/CLS-LOC/train/n01592084/n01592084_4421.JPEG,0.6963372230529785
/home/ygu2/kekechen_common/datasets/imagenet/imagenet/ILSVRC/Data/CLS-LOC/train/n01748264/n01748264_22079.JPEG,0.7036750912666321
/home/ygu2/kekechen_common/datasets/imagenet/imagenet/ILSVRC/Data/CLS-LOC/train/n01770393/n01770393_939.JPEG,0.41991591453552246
/home/ygu2/kekechen_common/datasets/imagenet/imagenet/ILSVRC/Data/CLS-LOC/train/n01798484/n01798484_970.JPEG,0.9137094020843506
/home/ygu2/kekechen_common/datasets/imagenet/imagenet/ILSVRC/Data/CLS-LOC/train/n01729977/n01729977_837.JPEG,1.2450478076934814
/home/ygu2/kekechen_common/datasets/imagenet/imagenet/ILSVRC/Data/CLS-LOC/train/n01773157/n01773157_2595.JPEG,0.2084120512008667
/home/ygu2/kekechen_common/datasets/imagenet/imagenet/ILSVRC/Data/CLS-LOC/train/n01580077/n01580077_32919.JPEG,0.49341881275177
/home/ygu2/kekechen_common/datasets/imagenet/imagenet/ILSVRC/Data/CLS-LOC/train/n01685808/n01685808_8306.JPEG,0.8078787326812744
/home/ygu2/kekechen_common/datasets/imagenet/imagenet/ILSVRC/Data/CLS-LOC/train/n01734418/n01734418_4417.JPEG,0.9451637268066406
/home/ygu2/kekechen_common/datasets/imagenet/imagenet/ILSVRC/Data/CLS-LOC/train/n01491361/n01491361_13777.JPEG,0.009747028350830078
/home/ygu2/kekechen_common/datasets/imagenet/imagenet/ILSVRC/Data/CLS-LOC/train/n01494475/n01494475_17079.JPEG,0.38983774185180664
/home/ygu2/kekechen_common/datasets/imagenet/imagenet/ILSVRC/Data/CLS-LOC/train/n01692333/n01692333_769.JPEG,0.13651883602142334
/home/ygu2/kekechen_common/datasets/imagenet/imagenet/ILSVRC/Data/CLS-LOC/train/n01592084/n01592084_3321.JPEG,0.31857144832611084
/home/ygu2/kekechen_common/datasets/imagenet/imagenet/ILSVRC/Data/CLS-LOC/train/n01784675/n01784675_16096.JPEG,0.2933075428009033
/home/ygu2/kekechen_common/datasets/imagenet/imagenet/ILSVRC/Data/CLS-LOC/train/n01688243/n01688243_11559.JPEG,0.3032114505767822
/home/ygu2/kekechen_common/datasets/imagenet/imagenet/ILSVRC/Data/CLS-LOC/train/n01494475/n01494475_3306.JPEG,0.26750969886779785
/home/ygu2/kekechen_common/datasets/imagenet/imagenet/ILSVRC/Data/CLS-LOC/train/n01484850/n01484850_4275.JPEG,0.5813744068145752
/home/ygu2/kekechen_common/datasets/imagenet/imagenet/ILSVRC/Data/CLS-LOC/train/n01773797/n01773797_6452.JPEG,0.20102477073669434
/home/ygu2/kekechen_common/datasets/imagenet/imagenet/ILSVRC/Data/CLS-LOC/train/n01751748/n01751748_2351.JPEG,1.4533190727233887
/home/ygu2/kekechen_common/datasets/imagenet/imagenet/ILSVRC/Data/CLS-LOC/train/n01692333/n01692333_5130.JPEG,0.12630903720855713
/home/ygu2/kekechen_common/datasets/imagenet/imagenet/ILSVRC/Data/CLS-LOC/train/n01768244/n01768244_724.JPEG,0.17278003692626953
/home/ygu2/kekechen_common/datasets/imagenet/imagenet/ILSVRC/Data/CLS-LOC/train/n01669191/n01669191_660.JPEG,0.6341419219970703
/home/ygu2/kekechen_common/datasets/imagenet/imagenet/ILSVRC/Data/CLS-LOC/train/n01693334/n01693334_9625.JPEG,0.316892147064209
/home/ygu2/kekechen_common/datasets/imagenet/imagenet/ILSVRC/Data/CLS-LOC/train/n01798484/n01798484_5345.JPEG,0.20953524112701416
/home/ygu2/kekechen_common/datasets/imagenet/imagenet/ILSVRC/Data/CLS-LOC/train/n01667114/n01667114_1341.JPEG,0.03916597366333008
/home/ygu2/kekechen_common/datasets/imagenet/imagenet/ILSVRC/Data/CLS-LOC/train/n01582220/n01582220_3298.JPEG,0.20005321502685547
/home/ygu2/kekechen_common/datasets/imagenet/imagenet/ILSVRC/Data/CLS-LOC/train/n01773157/n01773157_9147.JPEG,0.23505574464797974
/home/ygu2/kekechen_common/datasets/imagenet/imagenet/ILSVRC/Data/CLS-LOC/train/n01739381/n01739381_2099.JPEG,0.3309563398361206
/home/ygu2/kekechen_common/datasets/imagenet/imagenet/ILSVRC/Data/CLS-LOC/train/n01630670/n01630670_426.JPEG,0.6311814785003662
/home/ygu2/kekechen_common/datasets/imagenet/imagenet/ILSVRC/Data/CLS-LOC/train/n01491361/n01491361_2371.JPEG,0.05704212188720703
/home/ygu2/kekechen_common/datasets/imagenet/imagenet/ILSVRC/Data/CLS-LOC/train/n01744401/n01744401_10352.JPEG,0.21035528182983398
/home/ygu2/kekechen_common/datasets/imagenet/imagenet/ILSVRC/Data/CLS-LOC/train/n01667114/n01667114_2310.JPEG,0.2703714370727539
/home/ygu2/kekechen_common/datasets/imagenet/imagenet/ILSVRC/Data/CLS-LOC/train/n01498041/n01498041_7407.JPEG,0.7082884311676025
/home/ygu2/kekechen_common/datasets/imagenet/imagenet/ILSVRC/Data/CLS-LOC/train/n01592084/n01592084_2320.JPEG,0.2700200080871582
/home/ygu2/kekechen_common/datasets/imagenet/imagenet/ILSVRC/Data/CLS-LOC/train/n01632458/n01632458_5599.JPEG,0.09780168533325195
/home/ygu2/kekechen_common/datasets/imagenet/imagenet/ILSVRC/Data/CLS-LOC/train/n01622779/n01622779_3627.JPEG,2.6209988594055176
/home/ygu2/kekechen_common/datasets/imagenet/imagenet/ILSVRC/Data/CLS-LOC/train/n01688243/n01688243_187.JPEG,0.302154004573822
/home/ygu2/kekechen_common/datasets/imagenet/imagenet/ILSVRC/Data/CLS-LOC/train/n01773797/n01773797_2484.JPEG,0.07994198799133301
/home/ygu2/kekechen_common/datasets/imagenet/imagenet/ILSVRC/Data/CLS-LOC/train/n01737021/n01737021_15818.JPEG,0.5145580768585205
/home/ygu2/kekechen_common/datasets/imagenet/imagenet/ILSVRC/Data/CLS-LOC/train/n01704323/n01704323_7189.JPEG,0.3381270170211792
/home/ygu2/kekechen_common/datasets/imagenet/imagenet/ILSVRC/Data/CLS-LOC/train/n01632777/n01632777_17952.JPEG,0.7289013266563416
/home/ygu2/kekechen_common/datasets/imagenet/imagenet/ILSVRC/Data/CLS-LOC/train/n01496331/n01496331_30562.JPEG,0.9937706589698792
/home/ygu2/kekechen_common/datasets/imagenet/imagenet/ILSVRC/Data/CLS-LOC/train/n01667778/n01667778_5406.JPEG,0.1541224718093872
/home/ygu2/kekechen_common/datasets/imagenet/imagenet/ILSVRC/Data/CLS-LOC/train/n01580077/n01580077_4117.JPEG,0.547832727432251
/home/ygu2/kekechen_common/datasets/imagenet/imagenet/ILSVRC/Data/CLS-LOC/train/n01669191/n01669191_17464.JPEG,0.2465367317199707
/home/ygu2/kekechen_common/datasets/imagenet/imagenet/ILSVRC/Data/CLS-LOC/train/n01773549/n01773549_5845.JPEG,0.5366637706756592
/home/ygu2/kekechen_common/datasets/imagenet/imagenet/ILSVRC/Data/CLS-LOC/train/n01491361/n01491361_604.JPEG,0.07594788074493408
/home/ygu2/kekechen_common/datasets/imagenet/imagenet/ILSVRC/Data/CLS-LOC/train/n01784675/n01784675_11609.JPEG,0.8924250602722168
/home/ygu2/kekechen_common/datasets/imagenet/imagenet/ILSVRC/Data/CLS-LOC/train/n01798484/n01798484_12175.JPEG,0.5064202547073364
/home/ygu2/kekechen_common/datasets/imagenet/imagenet/ILSVRC/Data/CLS-LOC/train/n01796340/n01796340_5130.JPEG,0.8434869050979614
/home/ygu2/kekechen_common/datasets/imagenet/imagenet/ILSVRC/Data/CLS-LOC/train/n01729977/n01729977_6735.JPEG,0.766596794128418
/home/ygu2/kekechen_common/datasets/imagenet/imagenet/ILSVRC/Data/CLS-LOC/train/n01728920/n01728920_7558.JPEG,0.09110844135284424
/home/ygu2/kekechen_common/datasets/imagenet/imagenet/ILSVRC/Data/CLS-LOC/train/n01494475/n01494475_1671.JPEG,1.078484058380127
/home/ygu2/kekechen_common/datasets/imagenet/imagenet/ILSVRC/Data/CLS-LOC/train/n01797886/n01797886_19099.JPEG,0.011786222457885742
/home/ygu2/kekechen_common/datasets/imagenet/imagenet/ILSVRC/Data/CLS-LOC/train/n01687978/n01687978_6486.JPEG,0.01027214527130127
/home/ygu2/kekechen_common/datasets/imagenet/imagenet/ILSVRC/Data/CLS-LOC/train/n01698640/n01698640_7432.JPEG,0.15198874473571777
/home/ygu2/kekechen_common/datasets/imagenet/imagenet/ILSVRC/Data/CLS-LOC/train/n01694178/n01694178_3905.JPEG,0.3490769863128662
/home/ygu2/kekechen_common/datasets/imagenet/imagenet/ILSVRC/Data/CLS-LOC/train/n01685808/n01685808_5401.JPEG,0.4546627998352051
/home/ygu2/kekechen_common/datasets/imagenet/imagenet/ILSVRC/Data/CLS-LOC/train/n01580077/n01580077_1572.JPEG,2.217252492904663
/home/ygu2/kekechen_common/datasets/imagenet/imagenet/ILSVRC/Data/CLS-LOC/train/n01773549/n01773549_493.JPEG,0.10922062397003174
/home/ygu2/kekechen_common/datasets/imagenet/imagenet/ILSVRC/Data/CLS-LOC/train/n01748264/n01748264_8750.JPEG,1.014763355255127
/home/ygu2/kekechen_common/datasets/imagenet/imagenet/ILSVRC/Data/CLS-LOC/train/n01608432/n01608432_8390.JPEG,1.7964911460876465
/home/ygu2/kekechen_common/datasets/imagenet/imagenet/ILSVRC/Data/CLS-LOC/train/n01737021/n01737021_4510.JPEG,0.7069450616836548
/home/ygu2/kekechen_common/datasets/imagenet/imagenet/ILSVRC/Data/CLS-LOC/train/n01632777/n01632777_12969.JPEG,0.335019588470459
/home/ygu2/kekechen_common/datasets/imagenet/imagenet/ILSVRC/Data/CLS-LOC/train/n01440764/n01440764_13415.JPEG,0.9187783002853394
/home/ygu2/kekechen_common/datasets/imagenet/imagenet/ILSVRC/Data/CLS-LOC/train/n01484850/n01484850_20011.JPEG,0.19206666946411133
/home/ygu2/kekechen_common/datasets/imagenet/imagenet/ILSVRC/Data/CLS-LOC/train/n01795545/n01795545_2250.JPEG,1.7445199489593506
/home/ygu2/kekechen_common/datasets/imagenet/imagenet/ILSVRC/Data/CLS-LOC/train/n01531178/n01531178_20206.JPEG,0.38294732570648193
/home/ygu2/kekechen_common/datasets/imagenet/imagenet/ILSVRC/Data/CLS-LOC/train/n01592084/n01592084_202.JPEG,0.2709099054336548
/home/ygu2/kekechen_common/datasets/imagenet/imagenet/ILSVRC/Data/CLS-LOC/train/n01614925/n01614925_31699.JPEG,0.08303630352020264
/home/ygu2/kekechen_common/datasets/imagenet/imagenet/ILSVRC/Data/CLS-LOC/train/n01775062/n01775062_3577.JPEG,0.1633920669555664
/home/ygu2/kekechen_common/datasets/imagenet/imagenet/ILSVRC/Data/CLS-LOC/train/n01580077/n01580077_4433.JPEG,0.2928965091705322
/home/ygu2/kekechen_common/datasets/imagenet/imagenet/ILSVRC/Data/CLS-LOC/train/n01753488/n01753488_1866.JPEG,0.5831172466278076
/home/ygu2/kekechen_common/datasets/imagenet/imagenet/ILSVRC/Data/CLS-LOC/train/n01749939/n01749939_4371.JPEG,0.7388792037963867
/home/ygu2/kekechen_common/datasets/imagenet/imagenet/ILSVRC/Data/CLS-LOC/train/n01614925/n01614925_5193.JPEG,0.36801421642303467
/home/ygu2/kekechen_common/datasets/imagenet/imagenet/ILSVRC/Data/CLS-LOC/train/n01644373/n01644373_15359.JPEG,0.33287060260772705
/home/ygu2/kekechen_common/datasets/imagenet/imagenet/ILSVRC/Data/CLS-LOC/train/n01614925/n01614925_7178.JPEG,0.29603493213653564
/home/ygu2/kekechen_common/datasets/imagenet/imagenet/ILSVRC/Data/CLS-LOC/train/n01514668/n01514668_19314.JPEG,3.7932772636413574
/home/ygu2/kekechen_common/datasets/imagenet/imagenet/ILSVRC/Data/CLS-LOC/train/n01774750/n01774750_7611.JPEG,0.41918396949768066
/home/ygu2/kekechen_common/datasets/imagenet/imagenet/ILSVRC/Data/CLS-LOC/train/n01537544/n01537544_3277.JPEG,0.13242965936660767
/home/ygu2/kekechen_common/datasets/imagenet/imagenet/ILSVRC/Data/CLS-LOC/train/n01582220/n01582220_2592.JPEG,1.870635986328125
/home/ygu2/kekechen_common/datasets/imagenet/imagenet/ILSVRC/Data/CLS-LOC/train/n01685808/n01685808_8887.JPEG,0.8746318817138672
/home/ygu2/kekechen_common/datasets/imagenet/imagenet/ILSVRC/Data/CLS-LOC/train/n01592084/n01592084_4494.JPEG,0.820276141166687
/home/ygu2/kekechen_common/datasets/imagenet/imagenet/ILSVRC/Data/CLS-LOC/train/n01729977/n01729977_15628.JPEG,1.1612714529037476
/home/ygu2/kekechen_common/datasets/imagenet/imagenet/ILSVRC/Data/CLS-LOC/train/n01698640/n01698640_8957.JPEG,0.7376540899276733
/home/ygu2/kekechen_common/datasets/imagenet/imagenet/ILSVRC/Data/CLS-LOC/train/n01558993/n01558993_4488.JPEG,1.0599446296691895
/home/ygu2/kekechen_common/datasets/imagenet/imagenet/ILSVRC/Data/CLS-LOC/train/n01580077/n01580077_13134.JPEG,2.2716798782348633
/home/ygu2/kekechen_common/datasets/imagenet/imagenet/ILSVRC/Data/CLS-LOC/train/n01773157/n01773157_9704.JPEG,1.0842397212982178
/home/ygu2/kekechen_common/datasets/imagenet/imagenet/ILSVRC/Data/CLS-LOC/train/n01773797/n01773797_1540.JPEG,0.3415968418121338
/home/ygu2/kekechen_common/datasets/imagenet/imagenet/ILSVRC/Data/CLS-LOC/train/n01494475/n01494475_2030.JPEG,0.07640647888183594
/home/ygu2/kekechen_common/datasets/imagenet/imagenet/ILSVRC/Data/CLS-LOC/train/n01669191/n01669191_5417.JPEG,0.09474468231201172
/home/ygu2/kekechen_common/datasets/imagenet/imagenet/ILSVRC/Data/CLS-LOC/train/n01484850/n01484850_8475.JPEG,0.198128342628479
/home/ygu2/kekechen_common/datasets/imagenet/imagenet/ILSVRC/Data/CLS-LOC/train/n01729322/n01729322_13863.JPEG,0.5397928953170776
/home/ygu2/kekechen_common/datasets/imagenet/imagenet/ILSVRC/Data/CLS-LOC/train/n01632777/n01632777_9382.JPEG,0.33530116081237793
/home/ygu2/kekechen_common/datasets/imagenet/imagenet/ILSVRC/Data/CLS-LOC/train/n01749939/n01749939_2327.JPEG,1.1994370222091675
/home/ygu2/kekechen_common/datasets/imagenet/imagenet/ILSVRC/Data/CLS-LOC/train/n01669191/n01669191_3913.JPEG,0.7250587940216064
/home/ygu2/kekechen_common/datasets/imagenet/imagenet/ILSVRC/Data/CLS-LOC/train/n01537544/n01537544_148.JPEG,2.579867124557495
/home/ygu2/kekechen_common/datasets/imagenet/imagenet/ILSVRC/Data/CLS-LOC/train/n01608432/n01608432_8467.JPEG,0.22151780128479004
/home/ygu2/kekechen_common/datasets/imagenet/imagenet/ILSVRC/Data/CLS-LOC/train/n01491361/n01491361_1653.JPEG,0.6945072412490845
